馬名,horse_id,枠,馬 番,race_id,date,rank,着 順,weighted_avg_rank,weighted_avg_run_style,weighted_avg_last_3f,weighted_avg_horse_weight,weighted_avg_odds,weighted_avg_weather,weighted_avg_weight_change,weighted_avg_speed,age,course_type_code,distance_val,rotation_code,weather_code,condition_code,target_top3
アイアムアッパレ,2023102893,1,2,202506050403,2025年12月14日,16.0,16,18.0,9.999999999999998,39.99999999999999,470.0,100.0,2.0,0.0,16.0,2.0,1,2000,1,3,1,0
アイスブレイカー,2021103332,8,15,202506050107,2025年12月6日,6.0,6,18.0,9.999999999999998,39.99999999999999,470.0,100.0,2.0,0.0,16.0,4.0,2,1200,1,2,1,0
アイファーグローブ,2019101330,8,12,202506050110,2025年12月6日,9.0,9,18.0,9.999999999999998,39.99999999999999,470.0,100.0,2.0,0.0,16.0,6.0,2,1800,1,1,1,0
アイファースキャン,2020101271,3,4,202506050310,2025年12月13日,12.0,12,18.0,9.999999999999998,39.99999999999999,470.0,100.0,2.0,0.0,16.0,5.0,2,1200,1,2,1,0
アオイミズホ,2023101814,4,7,202506050304,2025年12月13日,4.0,4,18.0,9.999999999999998,39.99999999999999,470.0,100.0,2.0,0.0,16.0,2.0,2,1800,1,2,1,0
アカツキロットリー,2020100081,2,4,202506050107,2025年12月6日,8.0,8,18.0,9.999999999999998,39.99999999999999,470.0,100.0,2.0,0.0,16.0,5.0,2,1200,1,2,1,0
アクアマーズ,2023107364,8,14,202506050103,2025年12月6日,6.0,6,18.0,9.999999999999998,39.99999999999999,470.0,100.0,2.0,0.0,16.0,2.0,1,1600,1,1,1,0
アクシズ,2023105799,4,7,202506050205,2025年12月7日,9.0,9,18.0,9.999999999999998,39.99999999999999,470.0,100.0,2.0,0.0,16.0,2.0,1,1200,1,1,1,0
アクロスメモリア,2023102399,4,5,202506050301,2025年12月13日,5.0,5,18.0,9.999999999999998,39.99999999999999,470.0,100.0,2.0,0.0,16.0,2.0,2,1200,1,2,1,0
アグアフレスカ,2023103579,6,9,202506050305,2025年12月13日,10.0,10,18.0,9.999999999999998,39.99999999999999,470.0,100.0,2.0,0.0,16.0,2.0,1,1800,1,1,1,0
アシャカトベ,2022107163,7,13,202506050208,2025年12月7日,1.0,1,18.0,9.999999999999998,39.99999999999999,470.0,100.0,2.0,0.0,16.0,3.0,2,1200,1,1,1,1
アシャカルッカ,2023103233,7,13,202506050406,2025年12月14日,0.0,除外,18.0,9.999999999999998,39.99999999999999,470.0,100.0,2.0,0.0,16.0,2.0,2,1200,1,2,1,0
アジャイブ,2023102676,6,11,202506050303,2025年12月13日,14.0,14,18.0,9.999999999999998,39.99999999999999,470.0,100.0,2.0,0.0,16.0,2.0,1,1600,1,2,1,0
アスクオンディープ,2019101612,5,5,202506050204,2025年12月7日,2.0,2,18.0,9.999999999999998,39.99999999999999,470.0,100.0,2.0,0.0,16.0,6.0,3,2880,0,1,1,1
アズサ,2023101052,6,12,202506050202,2025年12月7日,15.0,15,18.0,9.999999999999998,39.99999999999999,470.0,100.0,2.0,0.0,16.0,2.0,1,1800,1,1,1,0
アタックエース,2023107463,6,11,202506050304,2025年12月13日,15.0,15,18.0,9.999999999999998,39.99999999999999,470.0,100.0,2.0,0.0,16.0,2.0,2,1800,1,2,1,0
アドアプローズ,2021107224,5,8,202506050404,2025年12月14日,13.0,13,18.0,9.999999999999998,39.99999999999999,470.0,100.0,2.0,0.0,16.0,4.0,3,2880,0,3,1,0
アドマイヤウルトラ,2023106836,5,9,202506050303,2025年12月13日,5.0,5,18.0,9.999999999999998,39.99999999999999,470.0,100.0,2.0,0.0,16.0,2.0,1,1600,1,2,1,0
アバットゥータ,2022101139,4,6,202506050404,2025年12月14日,5.0,5,18.0,9.999999999999998,39.99999999999999,470.0,100.0,2.0,0.0,16.0,3.0,3,2880,0,3,1,0
アバレリュウ,2022100390,7,13,202506050212,2025年12月7日,16.0,16,18.0,9.999999999999998,39.99999999999999,470.0,100.0,2.0,0.0,16.0,3.0,2,1800,1,1,1,0
アベベ,2021109113,3,3,202506050312,2025年12月13日,10.0,10,18.0,9.999999999999998,39.99999999999999,470.0,100.0,2.0,0.0,16.0,4.0,2,1200,1,2,1,0
アマイ,2020100809,3,6,202506050311,2025年12月13日,5.0,5,18.0,9.999999999999998,39.99999999999999,470.0,100.0,2.0,0.0,16.0,5.0,1,1800,1,2,1,0
アミナス,2023101479,7,14,202506050304,2025年12月13日,8.0,8,18.0,9.999999999999998,39.99999999999999,470.0,100.0,2.0,0.0,16.0,2.0,2,1800,1,2,1,0
アメテュストス,2023103814,1,1,202506050109,2025年12月6日,0.0,中止,18.0,9.999999999999998,39.99999999999999,470.0,100.0,2.0,0.0,16.0,2.0,1,2000,1,2,1,0
アメリカンサクラ,2023110080,7,10,202506050203,2025年12月7日,12.0,12,18.0,9.999999999999998,39.99999999999999,470.0,100.0,2.0,0.0,16.0,2.0,2,1800,1,1,1,0
アラビアンドリーム,2023102398,7,13,202506050306,2025年12月13日,2.0,2,18.0,9.999999999999998,39.99999999999999,470.0,100.0,2.0,0.0,16.0,2.0,2,1800,1,1,1,1
アリアス,2023104857,4,7,202506050402,2025年12月14日,5.0,5,18.0,9.999999999999998,39.99999999999999,470.0,100.0,2.0,0.0,16.0,2.0,1,1200,1,3,1,0
アルケミラモリス,2023102074,6,11,202506050202,2025年12月7日,7.0,7,18.0,9.999999999999998,39.99999999999999,470.0,100.0,2.0,0.0,16.0,2.0,1,1800,1,1,1,0
アルセナール,2021105548,6,12,202506050211,2025年12月7日,12.0,12,18.0,9.999999999999998,39.99999999999999,470.0,100.0,2.0,0.0,16.0,4.0,1,1200,1,1,1,0
アルティーノ,2023106062,8,16,202506050105,2025年12月6日,13.0,13,18.0,9.999999999999998,39.99999999999999,470.0,100.0,2.0,0.0,16.0,2.0,1,2000,1,1,1,0
アルデショワ,2022106648,7,10,202506050312,2025年12月13日,12.0,12,18.0,9.999999999999998,39.99999999999999,470.0,100.0,2.0,0.0,16.0,3.0,2,1200,1,2,1,0
アルデドゥオーモ,2021100361,8,11,202506050108,2025年12月6日,7.0,7,18.0,9.999999999999998,39.99999999999999,470.0,100.0,2.0,0.0,16.0,4.0,3,3570,0,2,1,0
アルバニクス,2023102921,5,9,202506050101,2025年12月6日,11.0,11,18.0,9.999999999999998,39.99999999999999,470.0,100.0,2.0,0.0,16.0,2.0,2,1200,1,1,1,0
アンジェラス,2023105814,7,13,202506050205,2025年12月7日,5.0,5,18.0,9.999999999999998,39.99999999999999,470.0,100.0,2.0,0.0,16.0,2.0,1,1200,1,1,1,0
アンタレス,2023100017,2,2,202506050306,2025年12月13日,11.0,11,18.0,9.999999999999998,39.99999999999999,470.0,100.0,2.0,0.0,16.0,2.0,2,1800,1,1,1,0
アンドアイラヴハー,2021110003,1,2,202506050112,2025年12月6日,1.0,1,18.0,9.999999999999998,39.99999999999999,470.0,100.0,2.0,0.0,16.0,4.0,1,1200,1,1,1,1
アンバサダネージュ,2023103216,3,5,202506050101,2025年12月6日,2.0,2,18.0,9.999999999999998,39.99999999999999,470.0,100.0,2.0,0.0,16.0,2.0,2,1200,1,1,1,1
アージェンタイド,2023102411,1,1,202506050103,2025年12月6日,15.0,15,18.0,9.999999999999998,39.99999999999999,470.0,100.0,2.0,0.0,16.0,2.0,1,1600,1,1,1,0
アースヴィンチ,2023103789,6,10,202506050103,2025年12月6日,7.0,7,18.0,9.999999999999998,39.99999999999999,470.0,100.0,2.0,0.0,16.0,2.0,1,1600,1,1,1,0
アームブランシュ,2020102925,4,7,202506050210,2025年12月7日,14.0,14,18.0,9.999999999999998,39.99999999999999,470.0,100.0,2.0,0.0,16.0,5.0,2,1800,1,1,1,0
イアム,2023104161,2,3,202506050202,2025年12月7日,13.0,13,18.0,9.999999999999998,39.99999999999999,470.0,100.0,2.0,0.0,16.0,2.0,1,1800,1,1,1,0
イガッチ,2022100699,8,12,202506050409,2025年12月14日,1.0,1,18.0,9.999999999999998,39.99999999999999,470.0,100.0,2.0,0.0,16.0,3.0,1,1800,1,2,1,1
イサチルクイーン,2023102680,5,7,202506050102,2025年12月6日,3.0,3,18.0,9.999999999999998,39.99999999999999,470.0,100.0,2.0,0.0,16.0,2.0,2,1800,1,1,1,1
イチザペガサス,2023102554,2,4,202506050302,2025年12月13日,10.0,10,18.0,9.999999999999998,39.99999999999999,470.0,100.0,2.0,0.0,16.0,2.0,2,1800,1,2,1,0
イッツソーブライト,2023106600,6,6,202506050206,2025年12月7日,6.0,6,18.0,9.999999999999998,39.99999999999999,470.0,100.0,2.0,0.0,16.0,2.0,2,1200,1,1,1,0
イッテラッシャイ,2023103142,5,10,202506050302,2025年12月13日,1.0,1,18.0,9.999999999999998,39.99999999999999,470.0,100.0,2.0,0.0,16.0,2.0,2,1800,1,2,1,1
イッテルビウム,2023102275,2,3,202506050205,2025年12月7日,16.0,16,18.0,9.999999999999998,39.99999999999999,470.0,100.0,2.0,0.0,16.0,2.0,1,1200,1,1,1,0
イデアクリスタル,2023102033,2,2,202506050102,2025年12月6日,4.0,4,18.0,9.999999999999998,39.99999999999999,470.0,100.0,2.0,0.0,16.0,2.0,2,1800,1,1,1,0
イバラヒメ,2023101298,7,13,202506050103,2025年12月6日,10.0,10,18.0,9.999999999999998,39.99999999999999,470.0,100.0,2.0,0.0,16.0,2.0,1,1600,1,1,1,0
イモータリス,2023107032,5,10,202506050105,2025年12月6日,2.0,2,18.0,9.999999999999998,39.99999999999999,470.0,100.0,2.0,0.0,16.0,2.0,1,2000,1,1,1,1
イルダメリーノ,2023101843,1,2,202506050106,2025年12月6日,4.0,4,18.0,9.999999999999998,39.99999999999999,470.0,100.0,2.0,0.0,16.0,2.0,2,1200,1,1,1,0
インスウィング,2023101444,6,11,202506050306,2025年12月13日,9.0,9,18.0,9.999999999999998,39.99999999999999,470.0,100.0,2.0,0.0,16.0,2.0,2,1800,1,1,1,0
イントゥゴールデン,2023104288,1,1,202506050104,2025年12月6日,14.0,14,18.0,9.999999999999998,39.99999999999999,470.0,100.0,2.0,0.0,16.0,2.0,2,1800,1,1,1,0
イーガービーバー,2023100234,2,4,202506050201,2025年12月7日,8.0,8,18.0,9.999999999999998,39.99999999999999,470.0,100.0,2.0,0.0,16.0,2.0,2,1200,1,1,1,0
イージーオンミー,2020101143,5,10,202506050210,2025年12月7日,4.0,4,18.0,9.999999999999998,39.99999999999999,470.0,100.0,2.0,0.0,16.0,5.0,2,1800,1,1,1,0
ウィステリアリヴァ,2020104708,3,6,202506050210,2025年12月7日,2.0,2,18.0,9.999999999999998,39.99999999999999,470.0,100.0,2.0,0.0,16.0,5.0,2,1800,1,1,1,1
ウインアイルグロウ,2023105852,5,6,202506050305,2025年12月13日,12.0,12,18.0,9.999999999999998,39.99999999999999,470.0,100.0,2.0,0.0,16.0,2.0,1,1800,1,1,1,0
ウインデイブレイク,2023105886,2,2,202506050305,2025年12月13日,13.0,13,18.0,9.999999999999998,39.99999999999999,470.0,100.0,2.0,0.0,16.0,2.0,1,1800,1,1,1,0
ウインビギニング,2023100291,7,13,202506050302,2025年12月13日,3.0,3,18.0,9.999999999999998,39.99999999999999,470.0,100.0,2.0,0.0,16.0,2.0,2,1800,1,2,1,1
ウインモナーク,2019100214,6,11,202506050211,2025年12月7日,6.0,6,18.0,9.999999999999998,39.99999999999999,470.0,100.0,2.0,0.0,16.0,6.0,1,1200,1,1,1,0
ウォルラス,2020106687,1,1,202506050208,2025年12月7日,9.0,9,18.0,9.999999999999998,39.99999999999999,470.0,100.0,2.0,0.0,16.0,5.0,2,1200,1,1,1,0
エイチエヌライ,2023102945,8,15,202506050106,2025年12月6日,14.0,14,18.0,9.999999999999998,39.99999999999999,470.0,100.0,2.0,0.0,16.0,2.0,2,1200,1,1,1,0
エイチエヌライ,2023102945,4,7,202506050303,2025年12月13日,16.0,16,16.285377884891332,11.285966586331499,39.614210024100544,450.2818456762503,183.50209700579214,2.0,0.0,15.821857442586113,2.0,1,1600,1,2,1,0
エクストラダーク,2023101892,8,17,202506050403,2025年12月14日,10.0,10,18.0,9.999999999999998,39.99999999999999,470.0,100.0,2.0,0.0,16.0,2.0,1,2000,1,3,1,0
エクリプスルバン,2021106623,3,5,202506050308,2025年12月13日,0.0,中止,18.0,9.999999999999998,39.99999999999999,470.0,100.0,2.0,0.0,16.0,4.0,2,1800,1,2,1,0
エコロエイト,2021110104,1,1,202506050310,2025年12月13日,15.0,15,18.0,9.999999999999998,39.99999999999999,470.0,100.0,2.0,0.0,16.0,4.0,2,1200,1,2,1,0
エコロセレナ,2023107403,2,2,202506050103,2025年12月6日,9.0,9,18.0,9.999999999999998,39.99999999999999,470.0,100.0,2.0,0.0,16.0,2.0,1,1600,1,1,1,0
エコロゼット,2023106146,1,1,202506050105,2025年12月6日,7.0,7,18.0,9.999999999999998,39.99999999999999,470.0,100.0,2.0,0.0,16.0,2.0,1,2000,1,1,1,0
エコロレイズ,2021103976,7,9,202506050207,2025年12月7日,5.0,5,18.0,9.999999999999998,39.99999999999999,470.0,100.0,2.0,0.0,16.0,4.0,1,2500,1,1,1,0
エコロレジーナ,2020101262,2,3,202506050211,2025年12月7日,4.0,4,18.0,9.999999999999998,39.99999999999999,470.0,100.0,2.0,0.0,16.0,5.0,1,1200,1,1,1,0
エフエイト,2021109016,3,6,202506050307,2025年12月13日,2.0,2,18.0,9.999999999999998,39.99999999999999,470.0,100.0,2.0,0.0,16.0,4.0,2,1200,1,2,1,1
エポカスピーガ,2022101532,8,16,202506050107,2025年12月6日,13.0,13,18.0,9.999999999999998,39.99999999999999,470.0,100.0,2.0,0.0,16.0,3.0,2,1200,1,2,1,0
エマープ,2023103800,5,10,202506050104,2025年12月6日,7.0,7,18.0,9.999999999999998,39.99999999999999,470.0,100.0,2.0,0.0,16.0,2.0,2,1800,1,1,1,0
エメラルドテソーロ,2023106758,4,8,202506050405,2025年12月14日,11.0,11,18.0,9.999999999999998,39.99999999999999,470.0,100.0,2.0,0.0,16.0,2.0,1,1600,1,2,1,0
エラルディーク,2023110006,8,13,202506050203,2025年12月7日,7.0,7,18.0,9.999999999999998,39.99999999999999,470.0,100.0,2.0,0.0,16.0,2.0,2,1800,1,1,1,0
エリカカリーナ,2021105485,3,5,202506050112,2025年12月6日,3.0,3,18.0,9.999999999999998,39.99999999999999,470.0,100.0,2.0,0.0,16.0,4.0,1,1200,1,1,1,1
エルドラド,2023106347,7,12,202506050101,2025年12月6日,6.0,6,18.0,9.999999999999998,39.99999999999999,470.0,100.0,2.0,0.0,16.0,2.0,2,1200,1,1,1,0
エレガントムーン,2020103643,8,15,202506050310,2025年12月13日,9.0,9,18.0,9.999999999999998,39.99999999999999,470.0,100.0,2.0,0.0,16.0,5.0,2,1200,1,2,1,0
エンカウンターベイ,2023101101,6,11,202506050402,2025年12月14日,11.0,11,18.0,9.999999999999998,39.99999999999999,470.0,100.0,2.0,0.0,16.0,2.0,1,1200,1,3,1,0
エンヤラヴフェイス,2021101737,7,12,202506050310,2025年12月13日,6.0,6,18.0,9.999999999999998,39.99999999999999,470.0,100.0,2.0,0.0,16.0,4.0,2,1200,1,2,1,0
エースフライト,2023103287,4,7,202506050105,2025年12月6日,4.0,4,18.0,9.999999999999998,39.99999999999999,470.0,100.0,2.0,0.0,16.0,2.0,1,2000,1,1,1,0
オウケンシルヴァー,2021103017,3,4,202506050408,2025年12月14日,6.0,6,18.0,9.999999999999998,39.99999999999999,470.0,100.0,2.0,0.0,16.0,4.0,2,2500,1,2,1,0
オセアバトルプラン,2020100060,3,4,202506050308,2025年12月13日,12.0,12,18.0,9.999999999999998,39.99999999999999,470.0,100.0,2.0,0.0,16.0,5.0,2,1800,1,2,1,0
オセアフェアモント,2023105962,1,2,202506050302,2025年12月13日,11.0,11,18.0,9.999999999999998,39.99999999999999,470.0,100.0,2.0,0.0,16.0,2.0,2,1800,1,2,1,0
オダイ,2023100892,2,4,202506050401,2025年12月14日,9.0,9,18.0,9.999999999999998,39.99999999999999,470.0,100.0,2.0,0.0,16.0,2.0,2,1200,1,3,1,0
オテモヤン,2023109104,7,14,202506050201,2025年12月7日,6.0,6,18.0,9.999999999999998,39.99999999999999,470.0,100.0,2.0,0.0,16.0,2.0,2,1200,1,1,1,0
オトシダマ,2023102283,3,5,202506050407,2025年12月14日,13.0,13,18.0,9.999999999999998,39.99999999999999,470.0,100.0,2.0,0.0,16.0,2.0,2,1800,1,2,1,0
オブラプリーマ,2023100237,2,2,202506050109,2025年12月6日,3.0,3,18.0,9.999999999999998,39.99999999999999,470.0,100.0,2.0,0.0,16.0,2.0,1,2000,1,2,1,1
オペラプラージュ,2021104784,5,9,202506050210,2025年12月7日,15.0,15,18.0,9.999999999999998,39.99999999999999,470.0,100.0,2.0,0.0,16.0,4.0,2,1800,1,1,1,0
オメガストリーム,2022105292,1,1,202506050107,2025年12月6日,16.0,16,18.0,9.999999999999998,39.99999999999999,470.0,100.0,2.0,0.0,16.0,3.0,2,1200,1,2,1,0
オリエンタルガール,2023101564,5,9,202506050201,2025年12月7日,13.0,13,18.0,9.999999999999998,39.99999999999999,470.0,100.0,2.0,0.0,16.0,2.0,2,1200,1,1,1,0
オルブライト,2023101644,8,16,202506050104,2025年12月6日,5.0,5,18.0,9.999999999999998,39.99999999999999,470.0,100.0,2.0,0.0,16.0,2.0,2,1800,1,1,1,0
オレデイイノカ,2018101243,4,8,202506050210,2025年12月7日,7.0,7,18.0,9.999999999999998,39.99999999999999,470.0,100.0,2.0,0.0,16.0,7.0,2,1800,1,1,1,0
オンマイビート,2023100344,2,3,202506050401,2025年12月14日,3.0,3,18.0,9.999999999999998,39.99999999999999,470.0,100.0,2.0,0.0,16.0,2.0,2,1200,1,3,1,1
オールデュスヴラン,2021104891,1,1,202506050408,2025年12月14日,13.0,13,18.0,9.999999999999998,39.99999999999999,470.0,100.0,2.0,0.0,16.0,4.0,2,2500,1,2,1,0
オールマイデイズ,2020103718,8,10,202506050207,2025年12月7日,3.0,3,18.0,9.999999999999998,39.99999999999999,470.0,100.0,2.0,0.0,16.0,5.0,1,2500,1,1,1,1
オールマキシマム,2020100387,5,6,202506050110,2025年12月6日,3.0,3,18.0,9.999999999999998,39.99999999999999,470.0,100.0,2.0,0.0,16.0,5.0,2,1800,1,1,1,1
カイザーブリッツ,2020106384,8,12,202506050312,2025年12月13日,7.0,7,18.0,9.999999999999998,39.99999999999999,470.0,100.0,2.0,0.0,16.0,5.0,2,1200,1,2,1,0
カイトヴィント,2022102991,8,13,202506050408,2025年12月14日,7.0,7,18.0,9.999999999999998,39.99999999999999,470.0,100.0,2.0,0.0,16.0,3.0,2,2500,1,2,1,0
カガバベル,2022106677,4,8,202506050107,2025年12月6日,11.0,11,18.0,9.999999999999998,39.99999999999999,470.0,100.0,2.0,0.0,16.0,3.0,2,1200,1,2,1,0
カシノスパーク,2023105779,7,15,202506050403,2025年12月14日,18.0,18,18.0,9.999999999999998,39.99999999999999,470.0,100.0,2.0,0.0,16.0,2.0,1,2000,1,3,1,0
カシノプロスペリテ,2023100842,2,3,202506050402,2025年12月14日,15.0,15,18.0,9.999999999999998,39.99999999999999,470.0,100.0,2.0,0.0,16.0,2.0,1,1200,1,3,1,0
カシマライフウ,2023105439,5,9,202506050104,2025年12月6日,2.0,2,18.0,9.999999999999998,39.99999999999999,470.0,100.0,2.0,0.0,16.0,2.0,2,1800,1,1,1,1
カセノソレイユ,2023104154,8,15,202506050401,2025年12月14日,12.0,12,18.0,9.999999999999998,39.99999999999999,470.0,100.0,2.0,0.0,16.0,2.0,2,1200,1,3,1,0
カタフラクト,2023105357,7,11,202506050305,2025年12月13日,7.0,7,18.0,9.999999999999998,39.99999999999999,470.0,100.0,2.0,0.0,16.0,2.0,1,1800,1,1,1,0
カップッチョ,2017104266,4,7,202506050107,2025年12月6日,9.0,9,18.0,9.999999999999998,39.99999999999999,470.0,100.0,2.0,0.0,16.0,8.0,2,1200,1,2,1,0
カツノテンス,2020105525,2,3,202506050307,2025年12月13日,11.0,11,18.0,9.999999999999998,39.99999999999999,470.0,100.0,2.0,0.0,16.0,5.0,2,1200,1,2,1,0
カフェベラノッテ,2019103308,6,11,202506050307,2025年12月13日,7.0,7,18.0,9.999999999999998,39.99999999999999,470.0,100.0,2.0,0.0,16.0,6.0,2,1200,1,2,1,0
カフェラジェム,2023102248,1,1,202506050203,2025年12月7日,2.0,2,18.0,9.999999999999998,39.99999999999999,470.0,100.0,2.0,0.0,16.0,2.0,2,1800,1,1,1,1
カミノテイオー,2023109056,5,10,202506050304,2025年12月13日,11.0,11,18.0,9.999999999999998,39.99999999999999,470.0,100.0,2.0,0.0,16.0,2.0,2,1800,1,2,1,0
カヨウネンカ,2019104159,1,2,202506050311,2025年12月13日,6.0,6,18.0,9.999999999999998,39.99999999999999,470.0,100.0,2.0,0.0,16.0,6.0,1,1800,1,2,1,0
カリドーラ,2023103527,4,7,202506050403,2025年12月14日,14.0,14,18.0,9.999999999999998,39.99999999999999,470.0,100.0,2.0,0.0,16.0,2.0,1,2000,1,3,1,0
カリヨンアヴォン,2023107220,1,1,202506050206,2025年12月7日,4.0,4,18.0,9.999999999999998,39.99999999999999,470.0,100.0,2.0,0.0,16.0,2.0,2,1200,1,1,1,0
カルプスペルシュ,2022104960,8,15,202506050211,2025年12月7日,5.0,5,18.0,9.999999999999998,39.99999999999999,470.0,100.0,2.0,0.0,16.0,3.0,1,1200,1,1,1,0
カルロヴェローチェ,2020103434,5,10,202506050211,2025年12月7日,2.0,2,18.0,9.999999999999998,39.99999999999999,470.0,100.0,2.0,0.0,16.0,5.0,1,1200,1,1,1,1
カレックス,2023100589,6,12,202506050302,2025年12月13日,13.0,13,18.0,9.999999999999998,39.99999999999999,470.0,100.0,2.0,0.0,16.0,2.0,2,1800,1,2,1,0
ガミーヌ,2023106468,4,7,202506050103,2025年12月6日,8.0,8,18.0,9.999999999999998,39.99999999999999,470.0,100.0,2.0,0.0,16.0,2.0,1,1600,1,1,1,0
ガルディーノ,2023105402,7,13,202506050401,2025年12月14日,10.0,10,18.0,9.999999999999998,39.99999999999999,470.0,100.0,2.0,0.0,16.0,2.0,2,1200,1,3,1,0
ガンダ,2023101383,1,1,202506050304,2025年12月13日,1.0,1,18.0,9.999999999999998,39.99999999999999,470.0,100.0,2.0,0.0,16.0,2.0,2,1800,1,2,1,1
ガーディアンスター,2023106654,6,11,202506050406,2025年12月14日,14.0,14,18.0,9.999999999999998,39.99999999999999,470.0,100.0,2.0,0.0,16.0,2.0,2,1200,1,2,1,0
ガーディアンテイル,2023106958,6,11,202506050302,2025年12月13日,4.0,4,18.0,9.999999999999998,39.99999999999999,470.0,100.0,2.0,0.0,16.0,2.0,2,1800,1,2,1,0
キコリータ,2023103321,6,11,202506050405,2025年12月14日,7.0,7,18.0,9.999999999999998,39.99999999999999,470.0,100.0,2.0,0.0,16.0,2.0,1,1600,1,2,1,0
キセログラフィカ,2023105682,3,5,202506050104,2025年12月6日,6.0,6,18.0,9.999999999999998,39.99999999999999,470.0,100.0,2.0,0.0,16.0,2.0,2,1800,1,1,1,0
キタノマテンロウ,2023105620,8,15,202506050302,2025年12月13日,8.0,8,18.0,9.999999999999998,39.99999999999999,470.0,100.0,2.0,0.0,16.0,2.0,2,1800,1,2,1,0
キッショウダラニ,2023106095,3,6,202506050205,2025年12月7日,2.0,2,18.0,9.999999999999998,39.99999999999999,470.0,100.0,2.0,0.0,16.0,2.0,1,1200,1,1,1,1
キャストロププ,2022100749,7,12,202506050408,2025年12月14日,2.0,2,18.0,9.999999999999998,39.99999999999999,470.0,100.0,2.0,0.0,16.0,3.0,2,2500,1,2,1,1
キャネル,2021105885,8,11,202506050207,2025年12月7日,9.0,9,18.0,9.999999999999998,39.99999999999999,470.0,100.0,2.0,0.0,16.0,4.0,1,2500,1,1,1,0
キュムロンニンバス,2018106597,2,3,202506050310,2025年12月13日,11.0,11,18.0,9.999999999999998,39.99999999999999,470.0,100.0,2.0,0.0,16.0,7.0,2,1200,1,2,1,0
キョウエイカンフ,2020100363,7,11,202506050312,2025年12月13日,6.0,6,18.0,9.999999999999998,39.99999999999999,470.0,100.0,2.0,0.0,16.0,5.0,2,1200,1,2,1,0
キリスパークル,2023100312,8,17,202506050105,2025年12月6日,10.0,10,18.0,9.999999999999998,39.99999999999999,470.0,100.0,2.0,0.0,16.0,2.0,1,2000,1,1,1,0
キングプロフィット,2021107012,1,1,202506050307,2025年12月13日,15.0,15,18.0,9.999999999999998,39.99999999999999,470.0,100.0,2.0,0.0,16.0,4.0,2,1200,1,2,1,0
クインズスピカ,2021106559,7,14,202506050112,2025年12月6日,12.0,12,18.0,9.999999999999998,39.99999999999999,470.0,100.0,2.0,0.0,16.0,4.0,1,1200,1,1,1,0
クイーンレグナント,2023101106,3,3,202506050206,2025年12月7日,3.0,3,18.0,9.999999999999998,39.99999999999999,470.0,100.0,2.0,0.0,16.0,2.0,2,1200,1,1,1,1
クォンタムビット,2023105271,3,6,202506050405,2025年12月14日,4.0,4,18.0,9.999999999999998,39.99999999999999,470.0,100.0,2.0,0.0,16.0,2.0,1,1600,1,2,1,0
クォーツテソーロ,2023106759,6,11,202506050205,2025年12月7日,15.0,15,18.0,9.999999999999998,39.99999999999999,470.0,100.0,2.0,0.0,16.0,2.0,1,1200,1,1,1,0
クシマトゥルー,2023105222,6,12,202506050303,2025年12月13日,6.0,6,18.0,9.999999999999998,39.99999999999999,470.0,100.0,2.0,0.0,16.0,2.0,1,1600,1,2,1,0
クラウングスタフ,2021101256,6,10,202506050404,2025年12月14日,9.0,9,18.0,9.999999999999998,39.99999999999999,470.0,100.0,2.0,0.0,16.0,4.0,3,2880,0,3,1,0
クラウンシエンタ,2021101253,3,5,202506050210,2025年12月7日,1.0,1,18.0,9.999999999999998,39.99999999999999,470.0,100.0,2.0,0.0,16.0,4.0,2,1800,1,1,1,1
クラウンプレゼンタ,2023100795,6,11,202506050401,2025年12月14日,14.0,14,18.0,9.999999999999998,39.99999999999999,470.0,100.0,2.0,0.0,16.0,2.0,2,1200,1,3,1,0
クラップサンダー,2019103278,7,10,202506050108,2025年12月6日,5.0,5,18.0,9.999999999999998,39.99999999999999,470.0,100.0,2.0,0.0,16.0,6.0,3,3570,0,2,1,0
クリエープキー,2023103355,7,10,202506050309,2025年12月13日,8.0,8,18.0,9.999999999999998,39.99999999999999,470.0,100.0,2.0,0.0,16.0,2.0,1,1200,1,2,1,0
クリュメノス,2023102107,8,16,202506050302,2025年12月13日,7.0,7,18.0,9.999999999999998,39.99999999999999,470.0,100.0,2.0,0.0,16.0,2.0,2,1800,1,2,1,0
クロミナンス,2017105074,5,7,202506050111,2025年12月6日,3.0,3,18.0,9.999999999999998,39.99999999999999,470.0,100.0,2.0,0.0,16.0,8.0,1,3600,1,1,1,1
クロムハーツガール,2023103972,3,5,202506050103,2025年12月6日,14.0,14,18.0,9.999999999999998,39.99999999999999,470.0,100.0,2.0,0.0,16.0,2.0,1,1600,1,1,1,0
クールシェルタ,2019103204,5,8,202506050408,2025年12月14日,10.0,10,18.0,9.999999999999998,39.99999999999999,470.0,100.0,2.0,0.0,16.0,6.0,2,2500,1,2,1,0
クールフィデル,2023103483,8,16,202506050202,2025年12月7日,2.0,2,18.0,9.999999999999998,39.99999999999999,470.0,100.0,2.0,0.0,16.0,2.0,1,1800,1,1,1,1
クールフィールド,2023100280,7,12,202506050301,2025年12月13日,4.0,4,18.0,9.999999999999998,39.99999999999999,470.0,100.0,2.0,0.0,16.0,2.0,2,1200,1,2,1,0
グスタフ,2023103322,7,12,202506050306,2025年12月13日,5.0,5,18.0,9.999999999999998,39.99999999999999,470.0,100.0,2.0,0.0,16.0,2.0,2,1800,1,1,1,0
グッドヴァイブス,2021101521,1,2,202506050107,2025年12月6日,15.0,15,18.0,9.999999999999998,39.99999999999999,470.0,100.0,2.0,0.0,16.0,4.0,2,1200,1,2,1,0
グラスベリー,2023106349,3,3,202506050102,2025年12月6日,10.0,10,18.0,9.999999999999998,39.99999999999999,470.0,100.0,2.0,0.0,16.0,2.0,2,1800,1,1,1,0
グランフォワイエ,2023105549,8,16,202506050402,2025年12月14日,16.0,16,18.0,9.999999999999998,39.99999999999999,470.0,100.0,2.0,0.0,16.0,2.0,1,1200,1,3,1,0
グリュイエール,2023109082,8,15,202506050406,2025年12月14日,6.0,6,18.0,9.999999999999998,39.99999999999999,470.0,100.0,2.0,0.0,16.0,2.0,2,1200,1,2,1,0
グレイテストソング,2022106541,6,12,202506050210,2025年12月7日,9.0,9,18.0,9.999999999999998,39.99999999999999,470.0,100.0,2.0,0.0,16.0,3.0,2,1800,1,1,1,0
グレイトエイト,2023104208,5,10,202506050106,2025年12月6日,13.0,13,18.0,9.999999999999998,39.99999999999999,470.0,100.0,2.0,0.0,16.0,2.0,2,1200,1,1,1,0
グーテンベルク,2022102391,2,3,202506050311,2025年12月13日,3.0,3,18.0,9.999999999999998,39.99999999999999,470.0,100.0,2.0,0.0,16.0,3.0,1,1800,1,2,1,1
ケイアイアギト,2023102769,5,10,202506050407,2025年12月14日,1.0,1,18.0,9.999999999999998,39.99999999999999,470.0,100.0,2.0,0.0,16.0,2.0,2,1800,1,2,1,1
ケイアイギルス,2023105758,1,2,202506050406,2025年12月14日,15.0,15,18.0,9.999999999999998,39.99999999999999,470.0,100.0,2.0,0.0,16.0,2.0,2,1200,1,2,1,0
ケイツークルサード,2023104007,5,9,202506050302,2025年12月13日,16.0,16,18.0,9.999999999999998,39.99999999999999,470.0,100.0,2.0,0.0,16.0,2.0,2,1800,1,2,1,0
ケープアグラス,2021100382,5,7,202506050312,2025年12月13日,3.0,3,18.0,9.999999999999998,39.99999999999999,470.0,100.0,2.0,0.0,16.0,4.0,2,1200,1,2,1,1
ゲキザル,2019102102,5,8,202506050310,2025年12月13日,2.0,2,18.0,9.999999999999998,39.99999999999999,470.0,100.0,2.0,0.0,16.0,6.0,2,1200,1,2,1,1
ゲンパチルーナ,2022100887,7,13,202506050308,2025年12月13日,11.0,11,18.0,9.999999999999998,39.99999999999999,470.0,100.0,2.0,0.0,16.0,3.0,2,1800,1,2,1,0
コウジハラ,2023101860,6,12,202506050406,2025年12月14日,2.0,2,18.0,9.999999999999998,39.99999999999999,470.0,100.0,2.0,0.0,16.0,2.0,2,1200,1,2,1,1
コウユーニポポニコ,2023100757,7,13,202506050101,2025年12月6日,3.0,3,18.0,9.999999999999998,39.99999999999999,470.0,100.0,2.0,0.0,16.0,2.0,2,1200,1,1,1,1
コスモエレジー,2023106466,2,3,202506050405,2025年12月14日,15.0,15,18.0,9.999999999999998,39.99999999999999,470.0,100.0,2.0,0.0,16.0,2.0,1,1600,1,2,1,0
コスモオピニオン,2020101258,6,10,202506050308,2025年12月13日,4.0,4,18.0,9.999999999999998,39.99999999999999,470.0,100.0,2.0,0.0,16.0,5.0,2,1800,1,2,1,0
コスモグロボーサ,2023106442,8,15,202506050202,2025年12月7日,12.0,12,18.0,9.999999999999998,39.99999999999999,470.0,100.0,2.0,0.0,16.0,2.0,1,1800,1,1,1,0
コスモシグルン,2023101040,7,14,202506050405,2025年12月14日,3.0,3,18.0,9.999999999999998,39.99999999999999,470.0,100.0,2.0,0.0,16.0,2.0,1,1600,1,2,1,1
コスモペンタス,2023106482,5,10,202506050405,2025年12月14日,8.0,8,18.0,9.999999999999998,39.99999999999999,470.0,100.0,2.0,0.0,16.0,2.0,1,1600,1,2,1,0
コスモラムバック,2023106452,2,3,202506050403,2025年12月14日,9.0,9,18.0,9.999999999999998,39.99999999999999,470.0,100.0,2.0,0.0,16.0,2.0,1,2000,1,3,1,0
コックオーヴァン,2023106405,4,4,202506050309,2025年12月13日,7.0,7,18.0,9.999999999999998,39.99999999999999,470.0,100.0,2.0,0.0,16.0,2.0,1,1200,1,2,1,0
コパノトーマス,2023103037,7,11,202506050309,2025年12月13日,6.0,6,18.0,9.999999999999998,39.99999999999999,470.0,100.0,2.0,0.0,16.0,2.0,1,1200,1,2,1,0
コパノミラノ,2023101578,4,4,202506050203,2025年12月7日,6.0,6,18.0,9.999999999999998,39.99999999999999,470.0,100.0,2.0,0.0,16.0,2.0,2,1800,1,1,1,0
コパノヴィンセント,2022107047,8,11,202506050204,2025年12月7日,9.0,9,18.0,9.999999999999998,39.99999999999999,470.0,100.0,2.0,0.0,16.0,3.0,3,2880,0,1,1,0
コラソンビート,2021106834,3,5,202506050211,2025年12月7日,16.0,16,18.0,9.999999999999998,39.99999999999999,470.0,100.0,2.0,0.0,16.0,4.0,1,1200,1,1,1,0
ゴディアーモ,2023107159,7,14,202506050105,2025年12月6日,1.0,1,18.0,9.999999999999998,39.99999999999999,470.0,100.0,2.0,0.0,16.0,2.0,1,2000,1,1,1,1
ゴーゴーマンゴー,2023106173,1,1,202506050106,2025年12月6日,15.0,15,18.0,9.999999999999998,39.99999999999999,470.0,100.0,2.0,0.0,16.0,2.0,2,1200,1,1,1,0
ゴーフォアブローク,2023100629,3,5,202506050302,2025年12月13日,2.0,2,18.0,9.999999999999998,39.99999999999999,470.0,100.0,2.0,0.0,16.0,2.0,2,1800,1,2,1,1
ゴールデンステップ,2021103555,6,9,202506050404,2025年12月14日,6.0,6,18.0,9.999999999999998,39.99999999999999,470.0,100.0,2.0,0.0,16.0,4.0,3,2880,0,3,1,0
ゴールデンスロープ,2021102482,5,7,202506050404,2025年12月14日,1.0,1,18.0,9.999999999999998,39.99999999999999,470.0,100.0,2.0,0.0,16.0,4.0,3,2880,0,3,1,1
ゴールデンダガー,2023105726,6,12,202506050403,2025年12月14日,5.0,5,18.0,9.999999999999998,39.99999999999999,470.0,100.0,2.0,0.0,16.0,2.0,1,2000,1,3,1,0
ゴールデンルーキー,2021110146,7,9,202506050204,2025年12月7日,8.0,8,18.0,9.999999999999998,39.99999999999999,470.0,100.0,2.0,0.0,16.0,4.0,3,2880,0,1,1,0
ゴールドアローン,2021106874,1,1,202506050210,2025年12月7日,10.0,10,18.0,9.999999999999998,39.99999999999999,470.0,100.0,2.0,0.0,16.0,4.0,2,1800,1,1,1,0
ゴールドソシアル,2023104509,4,7,202506050306,2025年12月13日,8.0,8,18.0,9.999999999999998,39.99999999999999,470.0,100.0,2.0,0.0,16.0,2.0,2,1800,1,1,1,0
ゴールドブリーズ,2018102196,3,3,202506050108,2025年12月6日,11.0,11,18.0,9.999999999999998,39.99999999999999,470.0,100.0,2.0,0.0,16.0,7.0,3,3570,0,2,1,0
サイモフェーン,2023103793,4,8,202506050104,2025年12月6日,3.0,3,18.0,9.999999999999998,39.99999999999999,470.0,100.0,2.0,0.0,16.0,2.0,2,1800,1,1,1,1
サイモンソーラン,2019102341,7,9,202506050110,2025年12月6日,12.0,12,18.0,9.999999999999998,39.99999999999999,470.0,100.0,2.0,0.0,16.0,6.0,2,1800,1,1,1,0
サウジバラード,2023103519,3,3,202506050203,2025年12月7日,5.0,5,18.0,9.999999999999998,39.99999999999999,470.0,100.0,2.0,0.0,16.0,2.0,2,1800,1,1,1,0
サクセスブルー,2023106106,8,13,202506050305,2025年12月13日,6.0,6,18.0,9.999999999999998,39.99999999999999,470.0,100.0,2.0,0.0,16.0,2.0,1,1800,1,1,1,0
サクラドール,2023102868,6,10,202506050306,2025年12月13日,7.0,7,18.0,9.999999999999998,39.99999999999999,470.0,100.0,2.0,0.0,16.0,2.0,2,1800,1,1,1,0
サザンエルフ,2019102011,6,10,202506050310,2025年12月13日,5.0,5,18.0,9.999999999999998,39.99999999999999,470.0,100.0,2.0,0.0,16.0,6.0,2,1200,1,2,1,0
サトノエスケープ,2023106932,6,11,202506050201,2025年12月7日,4.0,4,18.0,9.999999999999998,39.99999999999999,470.0,100.0,2.0,0.0,16.0,2.0,2,1200,1,1,1,0
サトノソティラス,2022105587,5,5,202506050207,2025年12月7日,11.0,11,18.0,9.999999999999998,39.99999999999999,470.0,100.0,2.0,0.0,16.0,3.0,1,2500,1,1,1,0
サトノトルネード,2020103463,6,6,202506050204,2025年12月7日,4.0,4,18.0,9.999999999999998,39.99999999999999,470.0,100.0,2.0,0.0,16.0,5.0,3,2880,0,1,1,0
サノノグレーター,2023100724,7,9,202506050109,2025年12月6日,1.0,1,18.0,9.999999999999998,39.99999999999999,470.0,100.0,2.0,0.0,16.0,2.0,1,2000,1,2,1,1
サフランヒーロー,2021100895,1,2,202506050211,2025年12月7日,15.0,15,18.0,9.999999999999998,39.99999999999999,470.0,100.0,2.0,0.0,16.0,4.0,1,1200,1,1,1,0
サムハラ,2023104521,5,10,202506050205,2025年12月7日,1.0,1,18.0,9.999999999999998,39.99999999999999,470.0,100.0,2.0,0.0,16.0,2.0,1,1200,1,1,1,1
サンセットブライト,2021102753,8,16,202506050210,2025年12月7日,5.0,5,18.0,9.999999999999998,39.99999999999999,470.0,100.0,2.0,0.0,16.0,4.0,2,1800,1,1,1,0
サンタピア,2023102804,8,16,202506050304,2025年12月13日,12.0,12,18.0,9.999999999999998,39.99999999999999,470.0,100.0,2.0,0.0,16.0,2.0,2,1800,1,2,1,0
サンデーパーティー,2023100433,6,11,202506050407,2025年12月14日,14.0,14,18.0,9.999999999999998,39.99999999999999,470.0,100.0,2.0,0.0,16.0,2.0,2,1800,1,2,1,0
ザーフィル,2023110013,7,8,202506050109,2025年12月6日,8.0,8,18.0,9.999999999999998,39.99999999999999,470.0,100.0,2.0,0.0,16.0,2.0,1,2000,1,2,1,0
シグムンド,2021106353,4,7,202506050308,2025年12月13日,7.0,7,18.0,9.999999999999998,39.99999999999999,470.0,100.0,2.0,0.0,16.0,4.0,2,1800,1,2,1,0
シゲルカミカゼ,2020102077,2,2,202506050110,2025年12月6日,8.0,8,18.0,9.999999999999998,39.99999999999999,470.0,100.0,2.0,0.0,16.0,5.0,2,1800,1,1,1,0
シャカシャカシー,2021101237,3,5,202506050310,2025年12月13日,13.0,13,18.0,9.999999999999998,39.99999999999999,470.0,100.0,2.0,0.0,16.0,4.0,2,1200,1,2,1,0
シャドウキャッスル,2022105474,1,2,202506050307,2025年12月13日,8.0,8,18.0,9.999999999999998,39.99999999999999,470.0,100.0,2.0,0.0,16.0,3.0,2,1200,1,2,1,0
シャルムグリーン,2023101459,5,10,202506050303,2025年12月13日,2.0,2,18.0,9.999999999999998,39.99999999999999,470.0,100.0,2.0,0.0,16.0,2.0,1,1600,1,2,1,1
シュハリ,2020105031,4,4,202506050204,2025年12月7日,7.0,7,18.0,9.999999999999998,39.99999999999999,470.0,100.0,2.0,0.0,16.0,5.0,3,2880,0,1,1,0
シュバルツガイスト,2020103575,3,4,202506050404,2025年12月14日,12.0,12,18.0,9.999999999999998,39.99999999999999,470.0,100.0,2.0,0.0,16.0,5.0,3,2880,0,3,1,0
シュヴァルボヌール,2022102315,6,9,202506050312,2025年12月13日,1.0,1,18.0,9.999999999999998,39.99999999999999,470.0,100.0,2.0,0.0,16.0,3.0,2,1200,1,2,1,1
ショウナンカブト,2020104107,6,8,202506050110,2025年12月6日,11.0,11,18.0,9.999999999999998,39.99999999999999,470.0,100.0,2.0,0.0,16.0,5.0,2,1800,1,1,1,0
ショウナンカルメラ,2023103634,2,4,202506050405,2025年12月14日,10.0,10,18.0,9.999999999999998,39.99999999999999,470.0,100.0,2.0,0.0,16.0,2.0,1,1600,1,2,1,0
ショウナンタヅナ,2023100531,8,15,202506050303,2025年12月13日,9.0,9,18.0,9.999999999999998,39.99999999999999,470.0,100.0,2.0,0.0,16.0,2.0,1,1600,1,2,1,0
ショウナンハクウン,2020103670,2,4,202506050208,2025年12月7日,5.0,5,18.0,9.999999999999998,39.99999999999999,470.0,100.0,2.0,0.0,16.0,5.0,2,1200,1,1,1,0
ショウナンパトス,2023105771,2,3,202506050104,2025年12月6日,1.0,1,18.0,9.999999999999998,39.99999999999999,470.0,100.0,2.0,0.0,16.0,2.0,2,1800,1,1,1,1
ショウナンラピダス,2021105578,4,8,202506050311,2025年12月13日,2.0,2,18.0,9.999999999999998,39.99999999999999,470.0,100.0,2.0,0.0,16.0,4.0,1,1800,1,2,1,1
ショーリバース,2023102743,1,2,202506050407,2025年12月14日,16.0,16,18.0,9.999999999999998,39.99999999999999,470.0,100.0,2.0,0.0,16.0,2.0,2,1800,1,2,1,0
シルバークラフト,2023106340,8,14,202506050306,2025年12月13日,13.0,13,18.0,9.999999999999998,39.99999999999999,470.0,100.0,2.0,0.0,16.0,2.0,2,1800,1,1,1,0
シルバーレシオ,2023107043,4,7,202506050407,2025年12月14日,4.0,4,18.0,9.999999999999998,39.99999999999999,470.0,100.0,2.0,0.0,16.0,2.0,2,1800,1,2,1,0
シルブロン,2018101348,6,9,202506050111,2025年12月6日,9.0,9,18.0,9.999999999999998,39.99999999999999,470.0,100.0,2.0,0.0,16.0,7.0,1,3600,1,1,1,0
シンエンドーツダ,2023103621,2,3,202506050304,2025年12月13日,7.0,7,18.0,9.999999999999998,39.99999999999999,470.0,100.0,2.0,0.0,16.0,2.0,2,1800,1,2,1,0
シンデレラリバティ,2023106594,2,4,202506050402,2025年12月14日,9.0,9,18.0,9.999999999999998,39.99999999999999,470.0,100.0,2.0,0.0,16.0,2.0,1,1200,1,3,1,0
シンバーシア,2021105599,7,9,202506050209,2025年12月7日,1.0,1,18.0,9.999999999999998,39.99999999999999,470.0,100.0,2.0,0.0,16.0,4.0,1,1200,1,1,1,1
シンボリノエル,2021101533,5,5,202506050110,2025年12月6日,5.0,5,18.0,9.999999999999998,39.99999999999999,470.0,100.0,2.0,0.0,16.0,4.0,2,1800,1,1,1,0
ジェイエルトランス,2020101956,5,10,202506050307,2025年12月13日,12.0,12,18.0,9.999999999999998,39.99999999999999,470.0,100.0,2.0,0.0,16.0,5.0,2,1200,1,2,1,0
ジェネラーレ,2021110153,4,6,202506050310,2025年12月13日,3.0,3,18.0,9.999999999999998,39.99999999999999,470.0,100.0,2.0,0.0,16.0,4.0,2,1200,1,2,1,1
ジェンダウィナー,2023106777,5,8,202506050301,2025年12月13日,12.0,12,18.0,9.999999999999998,39.99999999999999,470.0,100.0,2.0,0.0,16.0,2.0,2,1200,1,2,1,0
ジャガード,2018103485,4,7,202506050112,2025年12月6日,8.0,8,18.0,9.999999999999998,39.99999999999999,470.0,100.0,2.0,0.0,16.0,7.0,1,1200,1,1,1,0
ジャケットポケット,2023100615,5,10,202506050403,2025年12月14日,3.0,3,18.0,9.999999999999998,39.99999999999999,470.0,100.0,2.0,0.0,16.0,2.0,1,2000,1,3,1,1
ジャスティンシカゴ,2023106924,6,6,202506050109,2025年12月6日,6.0,6,18.0,9.999999999999998,39.99999999999999,470.0,100.0,2.0,0.0,16.0,2.0,1,2000,1,2,1,0
ジャストマイウェイ,2023105362,4,8,202506050403,2025年12月14日,4.0,4,18.0,9.999999999999998,39.99999999999999,470.0,100.0,2.0,0.0,16.0,2.0,1,2000,1,3,1,0
ジャスパーソレイユ,2022110111,8,16,202506050208,2025年12月7日,2.0,2,18.0,9.999999999999998,39.99999999999999,470.0,100.0,2.0,0.0,16.0,3.0,2,1200,1,1,1,1
ジャスフォール,2023101792,6,12,202506050402,2025年12月14日,14.0,14,18.0,9.999999999999998,39.99999999999999,470.0,100.0,2.0,0.0,16.0,2.0,1,1200,1,3,1,0
ジャメビュ,2023102401,4,4,202506050206,2025年12月7日,5.0,5,18.0,9.999999999999998,39.99999999999999,470.0,100.0,2.0,0.0,16.0,2.0,2,1200,1,1,1,0
ジュニアスウィート,2023103084,8,16,202506050401,2025年12月14日,6.0,6,18.0,9.999999999999998,39.99999999999999,470.0,100.0,2.0,0.0,16.0,2.0,2,1200,1,3,1,0
ジュワネング,2023107196,4,5,202506050203,2025年12月7日,3.0,3,18.0,9.999999999999998,39.99999999999999,470.0,100.0,2.0,0.0,16.0,2.0,2,1800,1,1,1,1
ジョーメッドヴィン,2021100522,8,16,202506050211,2025年12月7日,9.0,9,18.0,9.999999999999998,39.99999999999999,470.0,100.0,2.0,0.0,16.0,4.0,1,1200,1,1,1,0
ジーティーウブラブ,2023101629,1,1,202506050405,2025年12月14日,9.0,9,18.0,9.999999999999998,39.99999999999999,470.0,100.0,2.0,0.0,16.0,2.0,1,1600,1,2,1,0
ジーティーシンドウ,2023102083,3,5,202506050405,2025年12月14日,1.0,1,18.0,9.999999999999998,39.99999999999999,470.0,100.0,2.0,0.0,16.0,2.0,1,1600,1,2,1,1
ジーティージェミル,2023106332,8,14,202506050301,2025年12月13日,8.0,8,18.0,9.999999999999998,39.99999999999999,470.0,100.0,2.0,0.0,16.0,2.0,2,1200,1,2,1,0
ジーベック,2021103242,8,13,202506050312,2025年12月13日,4.0,4,18.0,9.999999999999998,39.99999999999999,470.0,100.0,2.0,0.0,16.0,4.0,2,1200,1,2,1,0
スウィートラキ,2023101489,6,10,202506050301,2025年12月13日,11.0,11,18.0,9.999999999999998,39.99999999999999,470.0,100.0,2.0,0.0,16.0,2.0,2,1200,1,2,1,0
スカイプレリュード,2023101873,5,9,202506050105,2025年12月6日,15.0,15,18.0,9.999999999999998,39.99999999999999,470.0,100.0,2.0,0.0,16.0,2.0,1,2000,1,1,1,0
スカーレットジーン,2023103465,8,18,202506050403,2025年12月14日,17.0,17,18.0,9.999999999999998,39.99999999999999,470.0,100.0,2.0,0.0,16.0,2.0,1,2000,1,3,1,0
スケダチムヨウ,2023104592,3,6,202506050106,2025年12月6日,11.0,11,18.0,9.999999999999998,39.99999999999999,470.0,100.0,2.0,0.0,16.0,2.0,2,1200,1,1,1,0
スコーピオン,2021100792,6,8,202506050209,2025年12月7日,11.0,11,18.0,9.999999999999998,39.99999999999999,470.0,100.0,2.0,0.0,16.0,4.0,1,1200,1,1,1,0
スティールヴォーグ,2023102958,4,6,202506050306,2025年12月13日,3.0,3,18.0,9.999999999999998,39.99999999999999,470.0,100.0,2.0,0.0,16.0,2.0,2,1800,1,1,1,1
ステイアンビシャス,2022101255,8,14,202506050408,2025年12月14日,4.0,4,18.0,9.999999999999998,39.99999999999999,470.0,100.0,2.0,0.0,16.0,3.0,2,2500,1,2,1,0
ステラゲイル,2023101246,2,3,202506050406,2025年12月14日,8.0,8,18.0,9.999999999999998,39.99999999999999,470.0,100.0,2.0,0.0,16.0,2.0,2,1200,1,2,1,0
ステラスペース,2023104346,3,3,202506050109,2025年12月6日,7.0,7,18.0,9.999999999999998,39.99999999999999,470.0,100.0,2.0,0.0,16.0,2.0,1,2000,1,2,1,0
ストラクチャー,2021101216,4,5,202506050404,2025年12月14日,7.0,7,18.0,9.999999999999998,39.99999999999999,470.0,100.0,2.0,0.0,16.0,4.0,3,2880,0,3,1,0
スピードオブライト,2020104203,7,10,202506050209,2025年12月7日,12.0,12,18.0,9.999999999999998,39.99999999999999,470.0,100.0,2.0,0.0,16.0,5.0,1,1200,1,1,1,0
スペイドアン,2021103770,1,2,202506050210,2025年12月7日,13.0,13,18.0,9.999999999999998,39.99999999999999,470.0,100.0,2.0,0.0,16.0,4.0,2,1800,1,1,1,0
スマートカイロス,2022102735,4,6,202506050308,2025年12月13日,10.0,10,18.0,9.999999999999998,39.99999999999999,470.0,100.0,2.0,0.0,16.0,3.0,2,1800,1,2,1,0
スマートクオーレ,2022102058,6,12,202506050212,2025年12月7日,15.0,15,18.0,9.999999999999998,39.99999999999999,470.0,100.0,2.0,0.0,16.0,3.0,2,1800,1,1,1,0
スマートクオーレ,2022102058,7,11,202506050408,2025年12月14日,3.0,3,16.7140334136685,12.143277643885833,39.31415115395653,483.71697692086934,101.5431599035978,2.0,2.5719331726630017,15.827646303853896,3.0,2,2500,1,2,1,1
スミッコディスコ,2023100169,7,12,202506050103,2025年12月6日,1.0,1,18.0,9.999999999999998,39.99999999999999,470.0,100.0,2.0,0.0,16.0,2.0,1,1600,1,1,1,1
スラーヴァ,2021103916,7,8,202506050204,2025年12月7日,10.0,10,18.0,9.999999999999998,39.99999999999999,470.0,100.0,2.0,0.0,16.0,4.0,3,2880,0,1,1,0
スーパーハイウェイ,2023106119,7,13,202506050405,2025年12月14日,6.0,6,18.0,9.999999999999998,39.99999999999999,470.0,100.0,2.0,0.0,16.0,2.0,1,1600,1,2,1,0
ズバットマサムネ,2021105711,3,5,202506050208,2025年12月7日,8.0,8,18.0,9.999999999999998,39.99999999999999,470.0,100.0,2.0,0.0,16.0,4.0,2,1200,1,1,1,0
セイウォリアー,2023104812,7,14,202506050302,2025年12月13日,9.0,9,18.0,9.999999999999998,39.99999999999999,470.0,100.0,2.0,0.0,16.0,2.0,2,1800,1,2,1,0
セイウンプーパ,2023105570,7,13,202506050402,2025年12月14日,7.0,7,18.0,9.999999999999998,39.99999999999999,470.0,100.0,2.0,0.0,16.0,2.0,1,1200,1,3,1,0
セイウンヤオヨロズ,2023100006,3,6,202506050403,2025年12月14日,12.0,12,18.0,9.999999999999998,39.99999999999999,470.0,100.0,2.0,0.0,16.0,2.0,1,2000,1,3,1,0
セイントクーヤ,2023103175,5,9,202506050202,2025年12月7日,9.0,9,18.0,9.999999999999998,39.99999999999999,470.0,100.0,2.0,0.0,16.0,2.0,1,1800,1,1,1,0
セキテイリノ,2023103447,6,11,202506050403,2025年12月14日,6.0,6,18.0,9.999999999999998,39.99999999999999,470.0,100.0,2.0,0.0,16.0,2.0,1,2000,1,3,1,0
セキテイロックス,2023105355,4,7,202506050406,2025年12月14日,10.0,10,18.0,9.999999999999998,39.99999999999999,470.0,100.0,2.0,0.0,16.0,2.0,2,1200,1,2,1,0
セットエトワール,2023103792,4,4,202506050305,2025年12月13日,5.0,5,18.0,9.999999999999998,39.99999999999999,470.0,100.0,2.0,0.0,16.0,2.0,1,1800,1,1,1,0
セツナサ,2023107225,3,3,202506050305,2025年12月13日,3.0,3,18.0,9.999999999999998,39.99999999999999,470.0,100.0,2.0,0.0,16.0,2.0,1,1800,1,1,1,1
ゼファーテソーロ,2023102007,8,16,202506050406,2025年12月14日,3.0,3,18.0,9.999999999999998,39.99999999999999,470.0,100.0,2.0,0.0,16.0,2.0,2,1200,1,2,1,1
ソチミルコ,2023106965,2,2,202506050301,2025年12月13日,9.0,9,18.0,9.999999999999998,39.99999999999999,470.0,100.0,2.0,0.0,16.0,2.0,2,1200,1,2,1,0
ソルトブリーズ,2021101639,6,8,202506050409,2025年12月14日,4.0,4,18.0,9.999999999999998,39.99999999999999,470.0,100.0,2.0,0.0,16.0,4.0,1,1800,1,2,1,0
ソルレース,2021101677,8,16,202506050112,2025年12月6日,0.0,取消,18.0,9.999999999999998,39.99999999999999,470.0,100.0,2.0,0.0,16.0,4.0,1,1200,1,1,1,0
ソワドリヨン,2020102725,6,7,202506050207,2025年12月7日,4.0,4,18.0,9.999999999999998,39.99999999999999,470.0,100.0,2.0,0.0,16.0,5.0,1,2500,1,1,1,0
ソワンドヴィクター,2023102783,7,11,202506050301,2025年12月13日,13.0,13,18.0,9.999999999999998,39.99999999999999,470.0,100.0,2.0,0.0,16.0,2.0,2,1200,1,2,1,0
ソークール,2023104165,7,13,202506050304,2025年12月13日,16.0,16,18.0,9.999999999999998,39.99999999999999,470.0,100.0,2.0,0.0,16.0,2.0,2,1800,1,2,1,0
ソーシャルコード,2023106491,4,8,202506050105,2025年12月6日,16.0,16,18.0,9.999999999999998,39.99999999999999,470.0,100.0,2.0,0.0,16.0,2.0,1,2000,1,1,1,0
ソーダーンライト,2022110034,4,4,202506050209,2025年12月7日,2.0,2,18.0,9.999999999999998,39.99999999999999,470.0,100.0,2.0,0.0,16.0,3.0,1,1200,1,1,1,1
タイガーゲイト,2023102964,1,2,202506050304,2025年12月13日,9.0,9,18.0,9.999999999999998,39.99999999999999,470.0,100.0,2.0,0.0,16.0,2.0,2,1800,1,2,1,0
タイキインドラ,2022103149,4,5,202506050408,2025年12月14日,11.0,11,18.0,9.999999999999998,39.99999999999999,470.0,100.0,2.0,0.0,16.0,3.0,2,2500,1,2,1,0
タイキフロリゼル,2018106474,6,7,202506050108,2025年12月6日,4.0,4,18.0,9.999999999999998,39.99999999999999,470.0,100.0,2.0,0.0,16.0,7.0,3,3570,0,2,1,0
タイキプレジール,2023102182,5,10,202506050201,2025年12月7日,7.0,7,18.0,9.999999999999998,39.99999999999999,470.0,100.0,2.0,0.0,16.0,2.0,2,1200,1,1,1,0
タイセイエムロード,2023104031,5,9,202506050306,2025年12月13日,1.0,1,18.0,9.999999999999998,39.99999999999999,470.0,100.0,2.0,0.0,16.0,2.0,2,1800,1,1,1,1
タイセイガナール,2023102023,3,4,202506050101,2025年12月6日,5.0,5,18.0,9.999999999999998,39.99999999999999,470.0,100.0,2.0,0.0,16.0,2.0,2,1200,1,1,1,0
タイセイギガース,2023100703,7,13,202506050201,2025年12月7日,11.0,11,18.0,9.999999999999998,39.99999999999999,470.0,100.0,2.0,0.0,16.0,2.0,2,1200,1,1,1,0
タイセイスタナー,2023104480,4,5,202506050305,2025年12月13日,4.0,4,18.0,9.999999999999998,39.99999999999999,470.0,100.0,2.0,0.0,16.0,2.0,1,1800,1,1,1,0
タイセイピューマ,2021106119,5,9,202506050107,2025年12月6日,1.0,1,18.0,9.999999999999998,39.99999999999999,470.0,100.0,2.0,0.0,16.0,4.0,2,1200,1,2,1,1
タイセイルビー,2023104679,4,5,202506050102,2025年12月6日,7.0,7,18.0,9.999999999999998,39.99999999999999,470.0,100.0,2.0,0.0,16.0,2.0,2,1800,1,1,1,0
タイセツナヒ,2023102352,6,12,202506050304,2025年12月13日,3.0,3,18.0,9.999999999999998,39.99999999999999,470.0,100.0,2.0,0.0,16.0,2.0,2,1800,1,2,1,1
タカサンフェイス,2020101913,6,11,202506050308,2025年12月13日,9.0,9,18.0,9.999999999999998,39.99999999999999,470.0,100.0,2.0,0.0,16.0,5.0,2,1800,1,2,1,0
タガノアバンドーネ,2023104733,8,16,202506050407,2025年12月14日,3.0,3,18.0,9.999999999999998,39.99999999999999,470.0,100.0,2.0,0.0,16.0,2.0,2,1800,1,2,1,1
タガノバルコス,2019100549,8,14,202506050404,2025年12月14日,4.0,4,18.0,9.999999999999998,39.99999999999999,470.0,100.0,2.0,0.0,16.0,6.0,3,2880,0,3,1,0
タキノボリ,2022100320,4,7,202506050212,2025年12月7日,5.0,5,18.0,9.999999999999998,39.99999999999999,470.0,100.0,2.0,0.0,16.0,3.0,2,1800,1,1,1,0
タッチアンドムーブ,2021105106,6,7,202506050409,2025年12月14日,6.0,6,18.0,9.999999999999998,39.99999999999999,470.0,100.0,2.0,0.0,16.0,4.0,1,1800,1,2,1,0
タニセンローマ,2023101095,2,2,202506050203,2025年12月7日,8.0,8,18.0,9.999999999999998,39.99999999999999,470.0,100.0,2.0,0.0,16.0,2.0,2,1800,1,1,1,0
タマモエース,2019104010,2,2,202506050108,2025年12月6日,8.0,8,18.0,9.999999999999998,39.99999999999999,470.0,100.0,2.0,0.0,16.0,6.0,3,3570,0,2,1,0
タマモシルエット,2023103253,5,9,202506050106,2025年12月6日,7.0,7,18.0,9.999999999999998,39.99999999999999,470.0,100.0,2.0,0.0,16.0,2.0,2,1200,1,1,1,0
タマモトリノ,2022106199,3,3,202506050408,2025年12月14日,5.0,5,18.0,9.999999999999998,39.99999999999999,470.0,100.0,2.0,0.0,16.0,3.0,2,2500,1,2,1,0
タマリスペクト,2023101007,2,2,202506050101,2025年12月6日,13.0,13,18.0,9.999999999999998,39.99999999999999,470.0,100.0,2.0,0.0,16.0,2.0,2,1200,1,1,1,0
タリエシン,2020102784,6,11,202506050208,2025年12月7日,13.0,13,18.0,9.999999999999998,39.99999999999999,470.0,100.0,2.0,0.0,16.0,5.0,2,1200,1,1,1,0
ダイユウアレグロ,2023103298,4,7,202506050202,2025年12月7日,5.0,5,18.0,9.999999999999998,39.99999999999999,470.0,100.0,2.0,0.0,16.0,2.0,1,1800,1,1,1,0
ダイユウサルターレ,2023102809,6,9,202506050203,2025年12月7日,10.0,10,18.0,9.999999999999998,39.99999999999999,470.0,100.0,2.0,0.0,16.0,2.0,2,1800,1,1,1,0
ダカラフェスティヴ,2022104378,5,7,202506050408,2025年12月14日,1.0,1,18.0,9.999999999999998,39.99999999999999,470.0,100.0,2.0,0.0,16.0,3.0,2,2500,1,2,1,1
ダズルオーロラ,2023104205,7,14,202506050406,2025年12月14日,13.0,13,18.0,9.999999999999998,39.99999999999999,470.0,100.0,2.0,0.0,16.0,2.0,2,1200,1,2,1,0
ダノンプレサージュ,2023105295,3,5,202506050303,2025年12月13日,4.0,4,18.0,9.999999999999998,39.99999999999999,470.0,100.0,2.0,0.0,16.0,2.0,1,1600,1,2,1,0
ダブルメッセージ,2022106337,4,6,202506050408,2025年12月14日,12.0,12,18.0,9.999999999999998,39.99999999999999,470.0,100.0,2.0,0.0,16.0,3.0,2,2500,1,2,1,0
ダンツシタン,2023104848,3,6,202506050407,2025年12月14日,2.0,2,18.0,9.999999999999998,39.99999999999999,470.0,100.0,2.0,0.0,16.0,2.0,2,1800,1,2,1,1
ダンツファイター,2022102982,3,3,202506050409,2025年12月14日,2.0,2,18.0,9.999999999999998,39.99999999999999,470.0,100.0,2.0,0.0,16.0,3.0,1,1800,1,2,1,1
チャックネイト,2018104609,8,14,202506050111,2025年12月6日,7.0,7,18.0,9.999999999999998,39.99999999999999,470.0,100.0,2.0,0.0,16.0,7.0,1,3600,1,1,1,0
チャンピオンホース,2023100325,4,7,202506050401,2025年12月14日,0.0,除外,18.0,9.999999999999998,39.99999999999999,470.0,100.0,2.0,0.0,16.0,2.0,2,1200,1,3,1,0
チャーリー,2023105351,5,9,202506050407,2025年12月14日,5.0,5,18.0,9.999999999999998,39.99999999999999,470.0,100.0,2.0,0.0,16.0,2.0,2,1800,1,2,1,0
チュウワクリスエス,2022102280,2,3,202506050210,2025年12月7日,3.0,3,18.0,9.999999999999998,39.99999999999999,470.0,100.0,2.0,0.0,16.0,3.0,2,1800,1,1,1,1
チンプンカンプン,2022106465,6,10,202506050408,2025年12月14日,14.0,14,18.0,9.999999999999998,39.99999999999999,470.0,100.0,2.0,0.0,16.0,3.0,2,2500,1,2,1,0
チームユートピア,2023105429,8,15,202506050306,2025年12月13日,6.0,6,18.0,9.999999999999998,39.99999999999999,470.0,100.0,2.0,0.0,16.0,2.0,2,1800,1,1,1,0
ツィスカリーゼ,2020102269,8,15,202506050307,2025年12月13日,14.0,14,18.0,9.999999999999998,39.99999999999999,470.0,100.0,2.0,0.0,16.0,5.0,2,1200,1,2,1,0
ツイスティドシルク,2023101125,4,7,202506050302,2025年12月13日,6.0,6,18.0,9.999999999999998,39.99999999999999,470.0,100.0,2.0,0.0,16.0,2.0,2,1800,1,2,1,0
ツウキンカイソク,2023104341,5,9,202506050103,2025年12月6日,5.0,5,18.0,9.999999999999998,39.99999999999999,470.0,100.0,2.0,0.0,16.0,2.0,1,1600,1,1,1,0
ツクバアヴァロン,2023102721,2,4,202506050106,2025年12月6日,6.0,6,18.0,9.999999999999998,39.99999999999999,470.0,100.0,2.0,0.0,16.0,2.0,2,1200,1,1,1,0
ツルノマイハシ,2023103528,3,6,202506050402,2025年12月14日,3.0,3,18.0,9.999999999999998,39.99999999999999,470.0,100.0,2.0,0.0,16.0,2.0,1,1200,1,3,1,1
ティニア,2020110090,7,13,202506050211,2025年12月7日,7.0,7,18.0,9.999999999999998,39.99999999999999,470.0,100.0,2.0,0.0,16.0,5.0,1,1200,1,1,1,0
ティーエンティー,2023101167,6,12,202506050106,2025年12月6日,5.0,5,18.0,9.999999999999998,39.99999999999999,470.0,100.0,2.0,0.0,16.0,2.0,2,1200,1,1,1,0
テセラリアン,2021100338,1,2,202506050208,2025年12月7日,3.0,3,18.0,9.999999999999998,39.99999999999999,470.0,100.0,2.0,0.0,16.0,4.0,2,1200,1,1,1,1
テルケンレンスキー,2023100954,7,14,202506050202,2025年12月7日,1.0,1,18.0,9.999999999999998,39.99999999999999,470.0,100.0,2.0,0.0,16.0,2.0,1,1800,1,1,1,1
テンカムテキ,2023104927,4,8,202506050407,2025年12月14日,6.0,6,18.0,9.999999999999998,39.99999999999999,470.0,100.0,2.0,0.0,16.0,2.0,2,1800,1,2,1,0
テンハートビート,2023104170,8,15,202506050103,2025年12月6日,11.0,11,18.0,9.999999999999998,39.99999999999999,470.0,100.0,2.0,0.0,16.0,2.0,1,1600,1,1,1,0
テンレディーゴー,2023102915,6,12,202506050104,2025年12月6日,9.0,9,18.0,9.999999999999998,39.99999999999999,470.0,100.0,2.0,0.0,16.0,2.0,2,1800,1,1,1,0
テーオーリカード,2020106884,3,3,202506050204,2025年12月7日,1.0,1,18.0,9.999999999999998,39.99999999999999,470.0,100.0,2.0,0.0,16.0,5.0,3,2880,0,1,1,1
ディサイドオンミー,2023103518,1,2,202506050402,2025年12月14日,2.0,2,18.0,9.999999999999998,39.99999999999999,470.0,100.0,2.0,0.0,16.0,2.0,1,1200,1,3,1,1
ディベルティスマン,2022104000,8,10,202506050204,2025年12月7日,5.0,5,18.0,9.999999999999998,39.99999999999999,470.0,100.0,2.0,0.0,16.0,3.0,3,2880,0,1,1,0
ディル,2023104976,4,8,202506050406,2025年12月14日,12.0,12,18.0,9.999999999999998,39.99999999999999,470.0,100.0,2.0,0.0,16.0,2.0,2,1200,1,2,1,0
ディヴァインスカイ,2023100479,5,7,202506050309,2025年12月13日,9.0,9,18.0,9.999999999999998,39.99999999999999,470.0,100.0,2.0,0.0,16.0,2.0,1,1200,1,2,1,0
ディープリッチ,2018105157,5,9,202506050311,2025年12月13日,14.0,14,18.0,9.999999999999998,39.99999999999999,470.0,100.0,2.0,0.0,16.0,7.0,1,1800,1,2,1,0
デザートスター,2019101825,2,2,202506050404,2025年12月14日,2.0,2,18.0,9.999999999999998,39.99999999999999,470.0,100.0,2.0,0.0,16.0,6.0,3,2880,0,3,1,1
デスティネ,2017106490,7,12,202506050404,2025年12月14日,8.0,8,18.0,9.999999999999998,39.99999999999999,470.0,100.0,2.0,0.0,16.0,8.0,3,2880,0,3,1,0
デビッドテソーロ,2021102280,3,6,202506050208,2025年12月7日,10.0,10,18.0,9.999999999999998,39.99999999999999,470.0,100.0,2.0,0.0,16.0,4.0,2,1200,1,1,1,0
デールエルバハリ,2023106955,7,14,202506050407,2025年12月14日,10.0,10,18.0,9.999999999999998,39.99999999999999,470.0,100.0,2.0,0.0,16.0,2.0,2,1800,1,2,1,0
トウカイエルデ,2021100365,4,8,202506050112,2025年12月6日,0.0,除外,18.0,9.999999999999998,39.99999999999999,470.0,100.0,2.0,0.0,16.0,4.0,1,1200,1,1,1,0
トウシンライオット,2023103088,1,2,202506050401,2025年12月14日,11.0,11,18.0,9.999999999999998,39.99999999999999,470.0,100.0,2.0,0.0,16.0,2.0,2,1200,1,3,1,0
トコシエノヒトミ,2023102699,1,1,202506050201,2025年12月7日,2.0,2,18.0,9.999999999999998,39.99999999999999,470.0,100.0,2.0,0.0,16.0,2.0,2,1200,1,1,1,1
トモジャオーリー,2023103068,3,6,202506050201,2025年12月7日,5.0,5,18.0,9.999999999999998,39.99999999999999,470.0,100.0,2.0,0.0,16.0,2.0,2,1200,1,1,1,0
トラマンダーレ,2020103486,6,12,202506050311,2025年12月13日,13.0,13,18.0,9.999999999999998,39.99999999999999,470.0,100.0,2.0,0.0,16.0,5.0,1,1800,1,2,1,0
トリップトゥムーン,2019103193,8,13,202506050404,2025年12月14日,0.0,中止,18.0,9.999999999999998,39.99999999999999,470.0,100.0,2.0,0.0,16.0,6.0,3,2880,0,3,1,0
トルズイーガー,2020104135,5,9,202506050307,2025年12月13日,4.0,4,18.0,9.999999999999998,39.99999999999999,470.0,100.0,2.0,0.0,16.0,5.0,2,1200,1,2,1,0
トルネードアイル,2023105308,8,15,202506050104,2025年12月6日,4.0,4,18.0,9.999999999999998,39.99999999999999,470.0,100.0,2.0,0.0,16.0,2.0,2,1800,1,1,1,0
トワイライトサイト,2023102235,3,5,202506050106,2025年12月6日,1.0,1,18.0,9.999999999999998,39.99999999999999,470.0,100.0,2.0,0.0,16.0,2.0,2,1200,1,1,1,1
トーアアイギス,2021105334,6,11,202506050210,2025年12月7日,16.0,16,18.0,9.999999999999998,39.99999999999999,470.0,100.0,2.0,0.0,16.0,4.0,2,1800,1,1,1,0
トーアマリシテン,2021105335,2,2,202506050204,2025年12月7日,3.0,3,18.0,9.999999999999998,39.99999999999999,470.0,100.0,2.0,0.0,16.0,4.0,3,2880,0,1,1,1
トーセンエスクード,2020102488,8,11,202506050209,2025年12月7日,3.0,3,18.0,9.999999999999998,39.99999999999999,470.0,100.0,2.0,0.0,16.0,5.0,1,1200,1,1,1,1
トーセントラム,2020102535,3,6,202506050112,2025年12月6日,4.0,4,18.0,9.999999999999998,39.99999999999999,470.0,100.0,2.0,0.0,16.0,5.0,1,1200,1,1,1,0
トーラスシャイン,2021101654,5,5,202506050209,2025年12月7日,9.0,9,18.0,9.999999999999998,39.99999999999999,470.0,100.0,2.0,0.0,16.0,4.0,1,1200,1,1,1,0
ドゥカート,2022105777,7,10,202506050409,2025年12月14日,9.0,9,18.0,9.999999999999998,39.99999999999999,470.0,100.0,2.0,0.0,16.0,3.0,1,1800,1,2,1,0
ドッグウッド,2023101382,8,18,202506050105,2025年12月6日,5.0,5,18.0,9.999999999999998,39.99999999999999,470.0,100.0,2.0,0.0,16.0,2.0,1,2000,1,1,1,0
ドナソール,2023100151,8,15,202506050201,2025年12月7日,1.0,1,18.0,9.999999999999998,39.99999999999999,470.0,100.0,2.0,0.0,16.0,2.0,2,1200,1,1,1,1
ドラゴンヘッド,2020100495,1,1,202506050311,2025年12月13日,10.0,10,18.0,9.999999999999998,39.99999999999999,470.0,100.0,2.0,0.0,16.0,5.0,1,1800,1,2,1,0
ドングラミ,2023106585,3,5,202506050401,2025年12月14日,15.0,15,18.0,9.999999999999998,39.99999999999999,470.0,100.0,2.0,0.0,16.0,2.0,2,1200,1,3,1,0
ナインオブレター,2022106926,4,7,202506050307,2025年12月13日,13.0,13,18.0,9.999999999999998,39.99999999999999,470.0,100.0,2.0,0.0,16.0,3.0,2,1200,1,2,1,0
ナックエルドラド,2022106304,6,7,202506050204,2025年12月7日,6.0,6,18.0,9.999999999999998,39.99999999999999,470.0,100.0,2.0,0.0,16.0,3.0,3,2880,0,1,1,0
ナックスプレンダー,2023100282,7,13,202506050106,2025年12月6日,2.0,2,18.0,9.999999999999998,39.99999999999999,470.0,100.0,2.0,0.0,16.0,2.0,2,1200,1,1,1,1
ナムラトロム,2022106874,7,14,202506050307,2025年12月13日,16.0,16,18.0,9.999999999999998,39.99999999999999,470.0,100.0,2.0,0.0,16.0,3.0,2,1200,1,2,1,0
ナムラハンナ,2023106221,4,8,202506050106,2025年12月6日,9.0,9,18.0,9.999999999999998,39.99999999999999,470.0,100.0,2.0,0.0,16.0,2.0,2,1200,1,1,1,0
ナムララジベラ,2020101288,5,5,202506050409,2025年12月14日,10.0,10,18.0,9.999999999999998,39.99999999999999,470.0,100.0,2.0,0.0,16.0,5.0,1,1800,1,2,1,0
ナリノシャーウッド,2023105963,8,15,202506050407,2025年12月14日,15.0,15,18.0,9.999999999999998,39.99999999999999,470.0,100.0,2.0,0.0,16.0,2.0,2,1800,1,2,1,0
ニシノオトムスメ,2023106273,1,1,202506050302,2025年12月13日,15.0,15,18.0,9.999999999999998,39.99999999999999,470.0,100.0,2.0,0.0,16.0,2.0,2,1800,1,2,1,0
ニシノカーロ,2023106262,6,11,202506050105,2025年12月6日,14.0,14,18.0,9.999999999999998,39.99999999999999,470.0,100.0,2.0,0.0,16.0,2.0,1,2000,1,1,1,0
ニシノガランテ,2023106270,8,16,202506050201,2025年12月7日,14.0,14,18.0,9.999999999999998,39.99999999999999,470.0,100.0,2.0,0.0,16.0,2.0,2,1200,1,1,1,0
ニシノセイドウ,2023106269,6,12,202506050205,2025年12月7日,4.0,4,18.0,9.999999999999998,39.99999999999999,470.0,100.0,2.0,0.0,16.0,2.0,1,1200,1,1,1,0
ニシノバリキング,2023106274,8,16,202506050106,2025年12月6日,16.0,16,18.0,9.999999999999998,39.99999999999999,470.0,100.0,2.0,0.0,16.0,2.0,2,1200,1,1,1,0
ニシノヒノトリ,2023106254,3,5,202506050403,2025年12月14日,7.0,7,18.0,9.999999999999998,39.99999999999999,470.0,100.0,2.0,0.0,16.0,2.0,1,2000,1,3,1,0
ニシノブレイゼスト,2022107011,8,15,202506050212,2025年12月7日,3.0,3,18.0,9.999999999999998,39.99999999999999,470.0,100.0,2.0,0.0,16.0,3.0,2,1800,1,1,1,1
ニシノマーレ,2023100179,5,8,202506050103,2025年12月6日,4.0,4,18.0,9.999999999999998,39.99999999999999,470.0,100.0,2.0,0.0,16.0,2.0,1,1600,1,1,1,0
ニャンタロウ,2023104151,6,12,202506050407,2025年12月14日,8.0,8,18.0,9.999999999999998,39.99999999999999,470.0,100.0,2.0,0.0,16.0,2.0,2,1800,1,2,1,0
ニルマーネル,2023107231,7,14,202506050402,2025年12月14日,1.0,1,18.0,9.999999999999998,39.99999999999999,470.0,100.0,2.0,0.0,16.0,2.0,1,1200,1,3,1,1
ネイリッカ,2019100072,2,3,202506050208,2025年12月7日,12.0,12,18.0,9.999999999999998,39.99999999999999,470.0,100.0,2.0,0.0,16.0,6.0,2,1200,1,1,1,0
ネオシルバー,2021106063,3,6,202506050212,2025年12月7日,9.0,9,18.0,9.999999999999998,39.99999999999999,470.0,100.0,2.0,0.0,16.0,4.0,2,1800,1,1,1,0
ノブピースオブラブ,2023105777,5,9,202506050402,2025年12月14日,12.0,12,18.0,9.999999999999998,39.99999999999999,470.0,100.0,2.0,0.0,16.0,2.0,1,1200,1,3,1,0
ノリキング,2023106094,2,4,202506050406,2025年12月14日,9.0,9,18.0,9.999999999999998,39.99999999999999,470.0,100.0,2.0,0.0,16.0,2.0,2,1200,1,2,1,0
ノーブルアスール,2023105422,8,15,202506050405,2025年12月14日,16.0,16,18.0,9.999999999999998,39.99999999999999,470.0,100.0,2.0,0.0,16.0,2.0,1,1600,1,2,1,0
ノーブルウェザー,2023102198,3,4,202506050306,2025年12月13日,14.0,14,18.0,9.999999999999998,39.99999999999999,470.0,100.0,2.0,0.0,16.0,2.0,2,1800,1,1,1,0
ノーブルスアーク,2023103651,3,5,202506050202,2025年12月7日,14.0,14,18.0,9.999999999999998,39.99999999999999,470.0,100.0,2.0,0.0,16.0,2.0,1,1800,1,1,1,0
ノーブルブロウ,2023106704,8,15,202506050205,2025年12月7日,13.0,13,18.0,9.999999999999998,39.99999999999999,470.0,100.0,2.0,0.0,16.0,2.0,1,1200,1,1,1,0
ハイヤーマーク,2023103710,2,2,202506050309,2025年12月13日,3.0,3,18.0,9.999999999999998,39.99999999999999,470.0,100.0,2.0,0.0,16.0,2.0,1,1200,1,2,1,1
ハイライトニング,2023105381,7,13,202506050407,2025年12月14日,12.0,12,18.0,9.999999999999998,39.99999999999999,470.0,100.0,2.0,0.0,16.0,2.0,2,1800,1,2,1,0
ハイラント,2021103033,6,6,202506050207,2025年12月7日,7.0,7,18.0,9.999999999999998,39.99999999999999,470.0,100.0,2.0,0.0,16.0,4.0,1,2500,1,1,1,0
ハイランドパレス,2023106875,2,3,202506050105,2025年12月6日,8.0,8,18.0,9.999999999999998,39.99999999999999,470.0,100.0,2.0,0.0,16.0,2.0,1,2000,1,1,1,0
ハウスオンファイア,2023101172,7,11,202506050102,2025年12月6日,12.0,12,18.0,9.999999999999998,39.99999999999999,470.0,100.0,2.0,0.0,16.0,2.0,2,1800,1,1,1,0
ハクサンバード,2020100792,5,9,202506050211,2025年12月7日,8.0,8,18.0,9.999999999999998,39.99999999999999,470.0,100.0,2.0,0.0,16.0,5.0,1,1200,1,1,1,0
ハジメテノチュウ,2019104141,7,13,202506050107,2025年12月6日,14.0,14,18.0,9.999999999999998,39.99999999999999,470.0,100.0,2.0,0.0,16.0,6.0,2,1200,1,2,1,0
ハナムラサキ,2023100723,3,6,202506050302,2025年12月13日,14.0,14,18.0,9.999999999999998,39.99999999999999,470.0,100.0,2.0,0.0,16.0,2.0,2,1800,1,2,1,0
ハニーオーケストラ,2023105811,5,6,202506050102,2025年12月6日,1.0,1,18.0,9.999999999999998,39.99999999999999,470.0,100.0,2.0,0.0,16.0,2.0,2,1800,1,1,1,1
ハルシャダ,2023101457,2,4,202506050304,2025年12月13日,14.0,14,18.0,9.999999999999998,39.99999999999999,470.0,100.0,2.0,0.0,16.0,2.0,2,1800,1,2,1,0
ハートホイップ,2019106179,6,7,202506050209,2025年12月7日,6.0,6,18.0,9.999999999999998,39.99999999999999,470.0,100.0,2.0,0.0,16.0,6.0,1,1200,1,1,1,0
バセリーナ,2022106772,1,1,202506050409,2025年12月14日,11.0,11,18.0,9.999999999999998,39.99999999999999,470.0,100.0,2.0,0.0,16.0,3.0,1,1800,1,2,1,0
バタール,2022104601,7,14,202506050212,2025年12月7日,2.0,2,18.0,9.999999999999998,39.99999999999999,470.0,100.0,2.0,0.0,16.0,3.0,2,1800,1,1,1,1
バッハ,2023100318,6,8,202506050203,2025年12月7日,9.0,9,18.0,9.999999999999998,39.99999999999999,470.0,100.0,2.0,0.0,16.0,2.0,2,1800,1,1,1,0
バル,2023101664,3,6,202506050406,2025年12月14日,4.0,4,18.0,9.999999999999998,39.99999999999999,470.0,100.0,2.0,0.0,16.0,2.0,2,1200,1,2,1,0
バルボアパーク,2023107172,2,4,202506050303,2025年12月13日,1.0,1,18.0,9.999999999999998,39.99999999999999,470.0,100.0,2.0,0.0,16.0,2.0,1,1600,1,2,1,1
バロネッサ,2021105788,7,14,202506050311,2025年12月13日,16.0,16,18.0,9.999999999999998,39.99999999999999,470.0,100.0,2.0,0.0,16.0,4.0,1,1800,1,2,1,0
バロン,2021105974,4,8,202506050208,2025年12月7日,11.0,11,18.0,9.999999999999998,39.99999999999999,470.0,100.0,2.0,0.0,16.0,4.0,2,1200,1,1,1,0
バーケンヘッド,2022105227,3,3,202506050207,2025年12月7日,10.0,10,18.0,9.999999999999998,39.99999999999999,470.0,100.0,2.0,0.0,16.0,3.0,1,2500,1,1,1,0
パイシャオピン,2022103371,8,14,202506050308,2025年12月13日,2.0,2,18.0,9.999999999999998,39.99999999999999,470.0,100.0,2.0,0.0,16.0,3.0,2,1800,1,2,1,1
パクスロマーナ,2020104616,3,3,202506050209,2025年12月7日,7.0,7,18.0,9.999999999999998,39.99999999999999,470.0,100.0,2.0,0.0,16.0,5.0,1,1200,1,1,1,0
パシーヴ,2022106669,2,3,202506050107,2025年12月6日,4.0,4,18.0,9.999999999999998,39.99999999999999,470.0,100.0,2.0,0.0,16.0,3.0,2,1200,1,2,1,0
パトリシア,2023105950,1,1,202506050402,2025年12月14日,6.0,6,18.0,9.999999999999998,39.99999999999999,470.0,100.0,2.0,0.0,16.0,2.0,1,1200,1,3,1,0
パルストリス,2023101155,7,10,202506050102,2025年12月6日,9.0,9,18.0,9.999999999999998,39.99999999999999,470.0,100.0,2.0,0.0,16.0,2.0,2,1800,1,1,1,0
パレスドフィーヌ,2021105373,7,13,202506050307,2025年12月13日,5.0,5,18.0,9.999999999999998,39.99999999999999,470.0,100.0,2.0,0.0,16.0,4.0,2,1200,1,2,1,0
ヒコボシ,2023102109,7,13,202506050202,2025年12月7日,16.0,16,18.0,9.999999999999998,39.99999999999999,470.0,100.0,2.0,0.0,16.0,2.0,1,1800,1,1,1,0
ヒロノビックバン,2022106482,1,1,202506050204,2025年12月7日,11.0,11,18.0,9.999999999999998,39.99999999999999,470.0,100.0,2.0,0.0,16.0,3.0,3,2880,0,1,1,0
ビップスコーピオン,2020103199,8,15,202506050210,2025年12月7日,6.0,6,18.0,9.999999999999998,39.99999999999999,470.0,100.0,2.0,0.0,16.0,5.0,2,1800,1,1,1,0
ビップブレット,2023103841,7,11,202506050203,2025年12月7日,13.0,13,18.0,9.999999999999998,39.99999999999999,470.0,100.0,2.0,0.0,16.0,2.0,2,1800,1,1,1,0
ビップマリク,2023100161,7,10,202506050305,2025年12月13日,11.0,11,18.0,9.999999999999998,39.99999999999999,470.0,100.0,2.0,0.0,16.0,2.0,1,1800,1,1,1,0
ビップムーラン,2023100095,4,6,202506050101,2025年12月6日,1.0,1,18.0,9.999999999999998,39.99999999999999,470.0,100.0,2.0,0.0,16.0,2.0,2,1200,1,1,1,1
ビップルーク,2023105995,7,14,202506050104,2025年12月6日,13.0,13,18.0,9.999999999999998,39.99999999999999,470.0,100.0,2.0,0.0,16.0,2.0,2,1800,1,1,1,0
ビルカール,2020105250,2,2,202506050310,2025年12月13日,10.0,10,18.0,9.999999999999998,39.99999999999999,470.0,100.0,2.0,0.0,16.0,5.0,2,1200,1,2,1,0
ビービーアジャイル,2023106494,4,8,202506050304,2025年12月13日,2.0,2,18.0,9.999999999999998,39.99999999999999,470.0,100.0,2.0,0.0,16.0,2.0,2,1800,1,2,1,1
ピコアーガイル,2021110165,8,15,202506050208,2025年12月7日,6.0,6,18.0,9.999999999999998,39.99999999999999,470.0,100.0,2.0,0.0,16.0,4.0,2,1200,1,1,1,0
ピコイチ,2021101711,3,3,202506050404,2025年12月14日,11.0,11,18.0,9.999999999999998,39.99999999999999,470.0,100.0,2.0,0.0,16.0,4.0,3,2880,0,3,1,0
ピコシー,2022101716,5,9,202506050308,2025年12月13日,6.0,6,18.0,9.999999999999998,39.99999999999999,470.0,100.0,2.0,0.0,16.0,3.0,2,1800,1,2,1,0
ピコテンダー,2022110132,3,5,202506050107,2025年12月6日,2.0,2,18.0,9.999999999999998,39.99999999999999,470.0,100.0,2.0,0.0,16.0,3.0,2,1200,1,2,1,1
ピコパープル,2023100706,2,3,202506050103,2025年12月6日,12.0,12,18.0,9.999999999999998,39.99999999999999,470.0,100.0,2.0,0.0,16.0,2.0,1,1600,1,1,1,0
ピュアエンブレム,2023107171,2,4,202506050403,2025年12月14日,15.0,15,18.0,9.999999999999998,39.99999999999999,470.0,100.0,2.0,0.0,16.0,2.0,1,2000,1,3,1,0
ピュアキアン,2021107001,4,5,202506050111,2025年12月6日,14.0,14,18.0,9.999999999999998,39.99999999999999,470.0,100.0,2.0,0.0,16.0,4.0,1,3600,1,1,1,0
ピュール,2023105784,1,1,202506050205,2025年12月7日,10.0,10,18.0,9.999999999999998,39.99999999999999,470.0,100.0,2.0,0.0,16.0,2.0,1,1200,1,1,1,0
ピンクジン,2020106966,7,13,202506050311,2025年12月13日,11.0,11,18.0,9.999999999999998,39.99999999999999,470.0,100.0,2.0,0.0,16.0,5.0,1,1800,1,2,1,0
ピーターサイト,2020105611,4,4,202506050108,2025年12月6日,1.0,1,18.0,9.999999999999998,39.99999999999999,470.0,100.0,2.0,0.0,16.0,5.0,3,3570,0,2,1,1
ファイアマン,2023101154,1,1,202506050407,2025年12月14日,9.0,9,18.0,9.999999999999998,39.99999999999999,470.0,100.0,2.0,0.0,16.0,2.0,2,1800,1,2,1,0
ファビュラススター,2021103478,1,1,202506050112,2025年12月6日,11.0,11,18.0,9.999999999999998,39.99999999999999,470.0,100.0,2.0,0.0,16.0,4.0,1,1200,1,1,1,0
ファリーザ,2022105564,7,14,202506050210,2025年12月7日,8.0,8,18.0,9.999999999999998,39.99999999999999,470.0,100.0,2.0,0.0,16.0,3.0,2,1800,1,1,1,0
フィオライア,2021101924,1,1,202506050211,2025年12月7日,13.0,13,18.0,9.999999999999998,39.99999999999999,470.0,100.0,2.0,0.0,16.0,4.0,1,1200,1,1,1,0
フィクセルリリア,2023103045,6,9,202506050102,2025年12月6日,2.0,2,18.0,9.999999999999998,39.99999999999999,470.0,100.0,2.0,0.0,16.0,2.0,2,1800,1,1,1,1
フィーリウス,2022105175,7,8,202506050207,2025年12月7日,2.0,2,18.0,9.999999999999998,39.99999999999999,470.0,100.0,2.0,0.0,16.0,3.0,1,2500,1,1,1,1
フェスタリア,2022100028,3,5,202506050307,2025年12月13日,9.0,9,18.0,9.999999999999998,39.99999999999999,470.0,100.0,2.0,0.0,16.0,3.0,2,1200,1,2,1,0
フェスティヴハート,2023104526,4,7,202506050201,2025年12月7日,3.0,3,18.0,9.999999999999998,39.99999999999999,470.0,100.0,2.0,0.0,16.0,2.0,2,1200,1,1,1,1
フェデルミエール,2022104479,4,5,202506050312,2025年12月13日,9.0,9,18.0,9.999999999999998,39.99999999999999,470.0,100.0,2.0,0.0,16.0,3.0,2,1200,1,2,1,0
フォクシー,2021102774,7,14,202506050107,2025年12月6日,10.0,10,18.0,9.999999999999998,39.99999999999999,470.0,100.0,2.0,0.0,16.0,4.0,2,1200,1,2,1,0
フォルマシオン,2023103765,3,5,202506050306,2025年12月13日,12.0,12,18.0,9.999999999999998,39.99999999999999,470.0,100.0,2.0,0.0,16.0,2.0,2,1800,1,1,1,0
フォーアライター,2023106300,8,16,202506050405,2025年12月14日,12.0,12,18.0,9.999999999999998,39.99999999999999,470.0,100.0,2.0,0.0,16.0,2.0,1,1600,1,2,1,0
フォージドブリック,2021104800,5,5,202506050108,2025年12月6日,6.0,6,18.0,9.999999999999998,39.99999999999999,470.0,100.0,2.0,0.0,16.0,4.0,3,3570,0,2,1,0
フォールティア,2023100707,8,15,202506050304,2025年12月13日,13.0,13,18.0,9.999999999999998,39.99999999999999,470.0,100.0,2.0,0.0,16.0,2.0,2,1800,1,2,1,0
フクシマエクラ,2023101964,6,9,202506050301,2025年12月13日,14.0,14,18.0,9.999999999999998,39.99999999999999,470.0,100.0,2.0,0.0,16.0,2.0,2,1200,1,2,1,0
フクシマグランツ,2023101965,4,8,202506050201,2025年12月7日,16.0,16,18.0,9.999999999999998,39.99999999999999,470.0,100.0,2.0,0.0,16.0,2.0,2,1200,1,1,1,0
フクノエルデ,2023100851,5,9,202506050401,2025年12月14日,4.0,4,18.0,9.999999999999998,39.99999999999999,470.0,100.0,2.0,0.0,16.0,2.0,2,1200,1,3,1,0
フクノブルーレイク,2022101329,5,10,202506050311,2025年12月13日,8.0,8,18.0,9.999999999999998,39.99999999999999,470.0,100.0,2.0,0.0,16.0,3.0,1,1800,1,2,1,0
フナデ,2021103790,8,11,202506050409,2025年12月14日,12.0,12,18.0,9.999999999999998,39.99999999999999,470.0,100.0,2.0,0.0,16.0,4.0,1,1800,1,2,1,0
フュルスティン,2023100583,6,8,202506050102,2025年12月6日,11.0,11,18.0,9.999999999999998,39.99999999999999,470.0,100.0,2.0,0.0,16.0,2.0,2,1800,1,1,1,0
フライスカイハイ,2023103544,4,4,202506050102,2025年12月6日,13.0,13,18.0,9.999999999999998,39.99999999999999,470.0,100.0,2.0,0.0,16.0,2.0,2,1800,1,1,1,0
フラクタル,2023106434,3,6,202506050202,2025年12月7日,10.0,10,18.0,9.999999999999998,39.99999999999999,470.0,100.0,2.0,0.0,16.0,2.0,1,1800,1,1,1,0
フルールサシェ,2023105866,3,6,202506050104,2025年12月6日,11.0,11,18.0,9.999999999999998,39.99999999999999,470.0,100.0,2.0,0.0,16.0,2.0,2,1800,1,1,1,0
フローライト,2023107223,4,6,202506050301,2025年12月13日,3.0,3,18.0,9.999999999999998,39.99999999999999,470.0,100.0,2.0,0.0,16.0,2.0,2,1200,1,2,1,1
フローラルアーチ,2023103439,5,10,202506050406,2025年12月14日,11.0,11,18.0,9.999999999999998,39.99999999999999,470.0,100.0,2.0,0.0,16.0,2.0,2,1200,1,2,1,0
フームスムート,2017104238,6,8,202506050108,2025年12月6日,0.0,中止,18.0,9.999999999999998,39.99999999999999,470.0,100.0,2.0,0.0,16.0,8.0,3,3570,0,2,1,0
ブエナディオサ,2019106938,6,11,202506050107,2025年12月6日,5.0,5,18.0,9.999999999999998,39.99999999999999,470.0,100.0,2.0,0.0,16.0,6.0,2,1200,1,2,1,0
ブトンドール,2020103589,7,14,202506050211,2025年12月7日,14.0,14,18.0,9.999999999999998,39.99999999999999,470.0,100.0,2.0,0.0,16.0,5.0,1,1200,1,1,1,0
ブラッキッシュ,2023107028,1,1,202506050305,2025年12月13日,2.0,2,18.0,9.999999999999998,39.99999999999999,470.0,100.0,2.0,0.0,16.0,2.0,1,1800,1,1,1,1
ブラックハヤテ,2023104492,8,10,202506050109,2025年12月6日,4.0,4,18.0,9.999999999999998,39.99999999999999,470.0,100.0,2.0,0.0,16.0,2.0,1,2000,1,2,1,0
ブラビオ,2018106050,8,12,202506050108,2025年12月6日,10.0,10,18.0,9.999999999999998,39.99999999999999,470.0,100.0,2.0,0.0,16.0,7.0,3,3570,0,2,1,0
ブリスフル,2021106070,3,5,202506050212,2025年12月7日,10.0,10,18.0,9.999999999999998,39.99999999999999,470.0,100.0,2.0,0.0,16.0,4.0,2,1800,1,1,1,0
ブリックンクリック,2022105300,6,12,202506050307,2025年12月13日,10.0,10,18.0,9.999999999999998,39.99999999999999,470.0,100.0,2.0,0.0,16.0,3.0,2,1200,1,2,1,0
ブルーアンバー,2023106604,3,3,202506050301,2025年12月13日,10.0,10,18.0,9.999999999999998,39.99999999999999,470.0,100.0,2.0,0.0,16.0,2.0,2,1200,1,2,1,0
ブルータス,2022103703,3,3,202506050110,2025年12月6日,1.0,1,18.0,9.999999999999998,39.99999999999999,470.0,100.0,2.0,0.0,16.0,3.0,2,1800,1,1,1,1
ブルーリヴァーサル,2020104617,5,10,202506050107,2025年12月6日,12.0,12,18.0,9.999999999999998,39.99999999999999,470.0,100.0,2.0,0.0,16.0,5.0,2,1200,1,2,1,0
ブレイズランナー,2023103577,5,10,202506050202,2025年12月7日,11.0,11,18.0,9.999999999999998,39.99999999999999,470.0,100.0,2.0,0.0,16.0,2.0,1,1800,1,1,1,0
ブレイヴロッカー,2020102870,5,8,202506050111,2025年12月6日,4.0,4,18.0,9.999999999999998,39.99999999999999,470.0,100.0,2.0,0.0,16.0,5.0,1,3600,1,1,1,0
ブレーザー,2021100114,6,11,202506050310,2025年12月13日,4.0,4,18.0,9.999999999999998,39.99999999999999,470.0,100.0,2.0,0.0,16.0,4.0,2,1200,1,2,1,0
プチブール,2021104205,5,8,202506050308,2025年12月13日,5.0,5,18.0,9.999999999999998,39.99999999999999,470.0,100.0,2.0,0.0,16.0,4.0,2,1800,1,2,1,0
プラチナムディスク,2023102383,1,1,202506050406,2025年12月14日,7.0,7,18.0,9.999999999999998,39.99999999999999,470.0,100.0,2.0,0.0,16.0,2.0,2,1200,1,2,1,0
プリティーミズホ,2023102897,3,3,202506050309,2025年12月13日,4.0,4,18.0,9.999999999999998,39.99999999999999,470.0,100.0,2.0,0.0,16.0,2.0,1,1200,1,2,1,0
プリンセスダーコ,2023109055,5,6,202506050203,2025年12月7日,4.0,4,18.0,9.999999999999998,39.99999999999999,470.0,100.0,2.0,0.0,16.0,2.0,2,1800,1,1,1,0
プルナチャンドラ,2021100329,4,4,202506050110,2025年12月6日,2.0,2,18.0,9.999999999999998,39.99999999999999,470.0,100.0,2.0,0.0,16.0,4.0,2,1800,1,1,1,1
プルミエソルティ,2022103243,4,4,202506050207,2025年12月7日,6.0,6,18.0,9.999999999999998,39.99999999999999,470.0,100.0,2.0,0.0,16.0,3.0,1,2500,1,1,1,0
プレイサーゴールド,2020100053,2,4,202506050210,2025年12月7日,11.0,11,18.0,9.999999999999998,39.99999999999999,470.0,100.0,2.0,0.0,16.0,5.0,2,1800,1,1,1,0
プレシャスノワール,2023103221,1,2,202506050405,2025年12月14日,13.0,13,18.0,9.999999999999998,39.99999999999999,470.0,100.0,2.0,0.0,16.0,2.0,1,1600,1,2,1,0
プロスペクトパーク,2022105548,4,8,202506050212,2025年12月7日,6.0,6,18.0,9.999999999999998,39.99999999999999,470.0,100.0,2.0,0.0,16.0,3.0,2,1800,1,1,1,0
ヘイスティハート,2023104708,5,10,202506050401,2025年12月14日,2.0,2,18.0,9.999999999999998,39.99999999999999,470.0,100.0,2.0,0.0,16.0,2.0,2,1200,1,3,1,1
ヘイマー,2023105553,7,14,202506050303,2025年12月13日,8.0,8,18.0,9.999999999999998,39.99999999999999,470.0,100.0,2.0,0.0,16.0,2.0,1,1600,1,2,1,0
ヘザルフェン,2021110022,5,6,202506050108,2025年12月6日,2.0,2,18.0,9.999999999999998,39.99999999999999,470.0,100.0,2.0,0.0,16.0,4.0,3,3570,0,2,1,1
ヘリオドール,2023103430,8,15,202506050402,2025年12月14日,13.0,13,18.0,9.999999999999998,39.99999999999999,470.0,100.0,2.0,0.0,16.0,2.0,1,1200,1,3,1,0
ヘルヴェティオス,2022104619,8,16,202506050307,2025年12月13日,3.0,3,18.0,9.999999999999998,39.99999999999999,470.0,100.0,2.0,0.0,16.0,3.0,2,1200,1,2,1,1
ヘヴンズドライブ,2023104438,2,4,202506050205,2025年12月7日,11.0,11,18.0,9.999999999999998,39.99999999999999,470.0,100.0,2.0,0.0,16.0,2.0,1,1200,1,1,1,0
ヘヴンズドライブ,2023104438,5,7,202506050301,2025年12月13日,6.0,6,14.999411298559833,9.142688942445666,37.98531901474731,448.56722356114165,101.11450437482063,2.0,0.0,16.396612167669705,2.0,2,1200,1,2,1,0
ヘヴンリースカイ,2023106515,3,5,202506050201,2025年12月7日,12.0,12,18.0,9.999999999999998,39.99999999999999,470.0,100.0,2.0,0.0,16.0,2.0,2,1200,1,1,1,0
ベアアッコチャン,2023101039,1,1,202506050301,2025年12月13日,1.0,1,18.0,9.999999999999998,39.99999999999999,470.0,100.0,2.0,0.0,16.0,2.0,2,1200,1,2,1,1
ベアゴーフォー,2023101712,3,6,202506050401,2025年12月14日,5.0,5,18.0,9.999999999999998,39.99999999999999,470.0,100.0,2.0,0.0,16.0,2.0,2,1200,1,3,1,0
ベアサナエチャン,2023106829,3,4,202506050103,2025年12月6日,2.0,2,18.0,9.999999999999998,39.99999999999999,470.0,100.0,2.0,0.0,16.0,2.0,1,1600,1,1,1,1
ベアドッキューン,2023102738,7,13,202506050105,2025年12月6日,3.0,3,18.0,9.999999999999998,39.99999999999999,470.0,100.0,2.0,0.0,16.0,2.0,1,2000,1,1,1,1
ベアハンドキャッチ,2023107400,3,5,202506050205,2025年12月7日,12.0,12,18.0,9.999999999999998,39.99999999999999,470.0,100.0,2.0,0.0,16.0,2.0,1,1200,1,1,1,0
ベアフォースワン,2023101307,2,3,202506050201,2025年12月7日,9.0,9,18.0,9.999999999999998,39.99999999999999,470.0,100.0,2.0,0.0,16.0,2.0,2,1200,1,1,1,0
ベストブラザーズ,2023101087,3,6,202506050105,2025年12月6日,6.0,6,18.0,9.999999999999998,39.99999999999999,470.0,100.0,2.0,0.0,16.0,2.0,1,2000,1,1,1,0
ベッラモレーン,2023103956,5,9,202506050405,2025年12月14日,5.0,5,18.0,9.999999999999998,39.99999999999999,470.0,100.0,2.0,0.0,16.0,2.0,1,1600,1,2,1,0
ベニシア,2021100662,6,12,202506050107,2025年12月6日,7.0,7,18.0,9.999999999999998,39.99999999999999,470.0,100.0,2.0,0.0,16.0,4.0,2,1200,1,2,1,0
ベルブリエ,2021106639,1,1,202506050312,2025年12月13日,8.0,8,18.0,9.999999999999998,39.99999999999999,470.0,100.0,2.0,0.0,16.0,4.0,2,1200,1,2,1,0
ベルランコントル,2023106475,2,4,202506050202,2025年12月7日,3.0,3,18.0,9.999999999999998,39.99999999999999,470.0,100.0,2.0,0.0,16.0,2.0,1,1800,1,1,1,1
ベンガルボダイジュ,2023103450,1,2,202506050201,2025年12月7日,10.0,10,18.0,9.999999999999998,39.99999999999999,470.0,100.0,2.0,0.0,16.0,2.0,2,1200,1,1,1,0
ベンヴェヌータ,2023103446,6,8,202506050305,2025年12月13日,1.0,1,18.0,9.999999999999998,39.99999999999999,470.0,100.0,2.0,0.0,16.0,2.0,1,1800,1,1,1,1
ホウオウエクレール,2017103293,1,1,202506050108,2025年12月6日,3.0,3,18.0,9.999999999999998,39.99999999999999,470.0,100.0,2.0,0.0,16.0,8.0,3,3570,0,2,1,1
ホウオウファラオ,2023105365,2,3,202506050306,2025年12月13日,10.0,10,18.0,9.999999999999998,39.99999999999999,470.0,100.0,2.0,0.0,16.0,2.0,2,1800,1,1,1,0
ホウショウリュウ,2023101598,1,2,202506050104,2025年12月6日,8.0,8,18.0,9.999999999999998,39.99999999999999,470.0,100.0,2.0,0.0,16.0,2.0,2,1800,1,1,1,0
ホレーショ,2021102409,1,1,202506050110,2025年12月6日,6.0,6,18.0,9.999999999999998,39.99999999999999,470.0,100.0,2.0,0.0,16.0,4.0,2,1800,1,1,1,0
ホワイトターフ,2019105794,5,9,202506050208,2025年12月7日,14.0,14,18.0,9.999999999999998,39.99999999999999,470.0,100.0,2.0,0.0,16.0,6.0,2,1200,1,1,1,0
ホワイトナイル,2023110047,1,1,202506050401,2025年12月14日,13.0,13,18.0,9.999999999999998,39.99999999999999,470.0,100.0,2.0,0.0,16.0,2.0,2,1200,1,3,1,0
ホーエリート,2021104855,3,3,202506050111,2025年12月6日,1.0,1,18.0,9.999999999999998,39.99999999999999,470.0,100.0,2.0,0.0,16.0,4.0,1,3600,1,1,1,1
ホープフルワールド,2023105575,5,7,202506050305,2025年12月13日,9.0,9,18.0,9.999999999999998,39.99999999999999,470.0,100.0,2.0,0.0,16.0,2.0,1,1800,1,1,1,0
ボニープリンス,2023107329,1,1,202506050202,2025年12月7日,6.0,6,18.0,9.999999999999998,39.99999999999999,470.0,100.0,2.0,0.0,16.0,2.0,1,1800,1,1,1,0
ボンヌソワレ,2022105435,7,13,202506050112,2025年12月6日,10.0,10,18.0,9.999999999999998,39.99999999999999,470.0,100.0,2.0,0.0,16.0,3.0,1,1200,1,1,1,0
ボールドフロント,2023105546,1,2,202506050105,2025年12月6日,12.0,12,18.0,9.999999999999998,39.99999999999999,470.0,100.0,2.0,0.0,16.0,2.0,1,2000,1,1,1,0
ポイズンオーク,2023106842,1,1,202506050306,2025年12月13日,4.0,4,18.0,9.999999999999998,39.99999999999999,470.0,100.0,2.0,0.0,16.0,2.0,2,1800,1,1,1,0
ポセイドンテソーロ,2023106742,8,14,202506050101,2025年12月6日,9.0,9,18.0,9.999999999999998,39.99999999999999,470.0,100.0,2.0,0.0,16.0,2.0,2,1200,1,1,1,0
ポルフュロゲネトス,2023107289,5,5,202506050109,2025年12月6日,2.0,2,18.0,9.999999999999998,39.99999999999999,470.0,100.0,2.0,0.0,16.0,2.0,1,2000,1,2,1,1
マイオウンウェイ,2023106823,8,12,202506050309,2025年12月13日,13.0,13,18.0,9.999999999999998,39.99999999999999,470.0,100.0,2.0,0.0,16.0,2.0,1,1200,1,2,1,0
マイネルエトルタ,2023104490,2,4,202506050105,2025年12月6日,11.0,11,18.0,9.999999999999998,39.99999999999999,470.0,100.0,2.0,0.0,16.0,2.0,1,2000,1,1,1,0
マイネルオーシャン,2021106766,6,11,202506050311,2025年12月13日,1.0,1,18.0,9.999999999999998,39.99999999999999,470.0,100.0,2.0,0.0,16.0,4.0,1,1800,1,2,1,1
マイネルカンパーナ,2020105798,3,4,202506050111,2025年12月6日,2.0,2,18.0,9.999999999999998,39.99999999999999,470.0,100.0,2.0,0.0,16.0,5.0,1,3600,1,1,1,1
マイネルグレート,2023106432,7,13,202506050403,2025年12月14日,11.0,11,18.0,9.999999999999998,39.99999999999999,470.0,100.0,2.0,0.0,16.0,2.0,1,2000,1,3,1,0
マイネルニコラス,2019100768,8,16,202506050311,2025年12月13日,9.0,9,18.0,9.999999999999998,39.99999999999999,470.0,100.0,2.0,0.0,16.0,6.0,1,1800,1,2,1,0
マイネルブリックス,2021106816,8,15,202506050311,2025年12月13日,15.0,15,18.0,9.999999999999998,39.99999999999999,470.0,100.0,2.0,0.0,16.0,4.0,1,1800,1,2,1,0
マイネルマスター,2023106439,4,4,202506050109,2025年12月6日,9.0,9,18.0,9.999999999999998,39.99999999999999,470.0,100.0,2.0,0.0,16.0,2.0,1,2000,1,2,1,0
マイネルモンテュス,2023104563,7,14,202506050403,2025年12月14日,13.0,13,18.0,9.999999999999998,39.99999999999999,470.0,100.0,2.0,0.0,16.0,2.0,1,2000,1,3,1,0
マイネルラズライト,2023106425,7,15,202506050105,2025年12月6日,0.0,中止,18.0,9.999999999999998,39.99999999999999,470.0,100.0,2.0,0.0,16.0,2.0,1,2000,1,1,1,0
マイネルレノン,2019100751,3,6,202506050211,2025年12月7日,11.0,11,18.0,9.999999999999998,39.99999999999999,470.0,100.0,2.0,0.0,16.0,6.0,1,1200,1,1,1,0
マイネルヴェーゼン,2023106471,1,2,202506050202,2025年12月7日,8.0,8,18.0,9.999999999999998,39.99999999999999,470.0,100.0,2.0,0.0,16.0,2.0,1,1800,1,1,1,0
マインセーラ,2023102305,4,8,202506050401,2025年12月14日,7.0,7,18.0,9.999999999999998,39.99999999999999,470.0,100.0,2.0,0.0,16.0,2.0,2,1200,1,3,1,0
マウントバーノン,2022105197,6,9,202506050408,2025年12月14日,9.0,9,18.0,9.999999999999998,39.99999999999999,470.0,100.0,2.0,0.0,16.0,3.0,2,2500,1,2,1,0
マオノクラッシュ,2022101864,2,4,202506050307,2025年12月13日,6.0,6,18.0,9.999999999999998,39.99999999999999,470.0,100.0,2.0,0.0,16.0,3.0,2,1200,1,2,1,0
マクシーン,2023102420,3,5,202506050304,2025年12月13日,10.0,10,18.0,9.999999999999998,39.99999999999999,470.0,100.0,2.0,0.0,16.0,2.0,2,1800,1,2,1,0
マテンロウノカゼ,2021107052,1,1,202506050404,2025年12月14日,3.0,3,18.0,9.999999999999998,39.99999999999999,470.0,100.0,2.0,0.0,16.0,4.0,3,2880,0,3,1,1
マメーアップル,2023100924,8,13,202506050301,2025年12月13日,2.0,2,18.0,9.999999999999998,39.99999999999999,470.0,100.0,2.0,0.0,16.0,2.0,2,1200,1,2,1,1
マリノトニトゥルス,2022101290,6,11,202506050112,2025年12月6日,6.0,6,18.0,9.999999999999998,39.99999999999999,470.0,100.0,2.0,0.0,16.0,3.0,1,1200,1,1,1,0
マリンディーゼル,2023102158,1,1,202506050101,2025年12月6日,0.0,中止,18.0,9.999999999999998,39.99999999999999,470.0,100.0,2.0,0.0,16.0,2.0,2,1200,1,1,1,0
マリンバンカー,2021103129,2,4,202506050212,2025年12月7日,8.0,8,18.0,9.999999999999998,39.99999999999999,470.0,100.0,2.0,0.0,16.0,4.0,2,1800,1,1,1,0
マンダリンボレロ,2020101655,6,7,202506050110,2025年12月6日,10.0,10,18.0,9.999999999999998,39.99999999999999,470.0,100.0,2.0,0.0,16.0,5.0,2,1800,1,1,1,0
マンノステータス,2020105471,2,2,202506050308,2025年12月13日,14.0,14,18.0,9.999999999999998,39.99999999999999,470.0,100.0,2.0,0.0,16.0,5.0,2,1800,1,2,1,0
マーゴットサンズ,2023103696,2,3,202506050407,2025年12月14日,7.0,7,18.0,9.999999999999998,39.99999999999999,470.0,100.0,2.0,0.0,16.0,2.0,2,1800,1,2,1,0
マーブルパレス,2023105203,1,1,202506050309,2025年12月13日,1.0,1,18.0,9.999999999999998,39.99999999999999,470.0,100.0,2.0,0.0,16.0,2.0,1,1200,1,2,1,1
マーマレードスカイ,2023103574,3,5,202506050406,2025年12月14日,5.0,5,18.0,9.999999999999998,39.99999999999999,470.0,100.0,2.0,0.0,16.0,2.0,2,1200,1,2,1,0
ミアエッテ,2023101530,2,3,202506050303,2025年12月13日,7.0,7,18.0,9.999999999999998,39.99999999999999,470.0,100.0,2.0,0.0,16.0,2.0,1,1600,1,2,1,0
ミクソロジー,2019101847,4,6,202506050111,2025年12月6日,12.0,12,18.0,9.999999999999998,39.99999999999999,470.0,100.0,2.0,0.0,16.0,6.0,1,3600,1,1,1,0
ミクニインスパイア,2022106120,1,1,202506050207,2025年12月7日,1.0,1,18.0,9.999999999999998,39.99999999999999,470.0,100.0,2.0,0.0,16.0,3.0,1,2500,1,1,1,1
ミクニフラッシュ,2023103375,2,4,202506050104,2025年12月6日,16.0,16,18.0,9.999999999999998,39.99999999999999,470.0,100.0,2.0,0.0,16.0,2.0,2,1800,1,1,1,0
ミスティマウンテン,2022101684,6,11,202506050212,2025年12月7日,11.0,11,18.0,9.999999999999998,39.99999999999999,470.0,100.0,2.0,0.0,16.0,3.0,2,1800,1,1,1,0
ミツカネメルクリオ,2023101346,6,11,202506050106,2025年12月6日,3.0,3,18.0,9.999999999999998,39.99999999999999,470.0,100.0,2.0,0.0,16.0,2.0,2,1200,1,1,1,1
ミナヅキ,2023105449,6,11,202506050103,2025年12月6日,3.0,3,18.0,9.999999999999998,39.99999999999999,470.0,100.0,2.0,0.0,16.0,2.0,1,1600,1,1,1,1
ミニョンマルーン,2022103151,5,9,202506050112,2025年12月6日,5.0,5,18.0,9.999999999999998,39.99999999999999,470.0,100.0,2.0,0.0,16.0,3.0,1,1200,1,1,1,0
ミヤカグラ,2023105567,7,14,202506050205,2025年12月7日,6.0,6,18.0,9.999999999999998,39.99999999999999,470.0,100.0,2.0,0.0,16.0,2.0,1,1200,1,1,1,0
ミュークトーマス,2023104666,4,6,202506050103,2025年12月6日,13.0,13,18.0,9.999999999999998,39.99999999999999,470.0,100.0,2.0,0.0,16.0,2.0,1,1600,1,1,1,0
ミュージックレイン,2023104810,3,4,202506050301,2025年12月13日,7.0,7,18.0,9.999999999999998,39.99999999999999,470.0,100.0,2.0,0.0,16.0,2.0,2,1200,1,2,1,0
ミライヘノカギ,2022102062,7,12,202506050308,2025年12月13日,1.0,1,18.0,9.999999999999998,39.99999999999999,470.0,100.0,2.0,0.0,16.0,3.0,2,1800,1,2,1,1
ミラクルカイザー,2023102162,4,7,202506050104,2025年12月6日,12.0,12,18.0,9.999999999999998,39.99999999999999,470.0,100.0,2.0,0.0,16.0,2.0,2,1800,1,1,1,0
ミラクルスパート,2023101185,2,3,202506050101,2025年12月6日,10.0,10,18.0,9.999999999999998,39.99999999999999,470.0,100.0,2.0,0.0,16.0,2.0,2,1200,1,1,1,0
ミラビリオン,2023102422,8,15,202506050101,2025年12月6日,14.0,14,18.0,9.999999999999998,39.99999999999999,470.0,100.0,2.0,0.0,16.0,2.0,2,1200,1,1,1,0
ミルトハーバー,2023102545,8,16,202506050205,2025年12月7日,7.0,7,18.0,9.999999999999998,39.99999999999999,470.0,100.0,2.0,0.0,16.0,2.0,1,1200,1,1,1,0
ムイ,2022102408,4,7,202506050211,2025年12月7日,10.0,10,18.0,9.999999999999998,39.99999999999999,470.0,100.0,2.0,0.0,16.0,3.0,1,1200,1,1,1,0
ムーランブルー,2020101341,2,2,202506050408,2025年12月14日,8.0,8,18.0,9.999999999999998,39.99999999999999,470.0,100.0,2.0,0.0,16.0,5.0,2,2500,1,2,1,0
ムーンシェイド,2023100258,5,10,202506050402,2025年12月14日,8.0,8,18.0,9.999999999999998,39.99999999999999,470.0,100.0,2.0,0.0,16.0,2.0,1,1200,1,3,1,0
メイクイット,2023110011,7,13,202506050104,2025年12月6日,15.0,15,18.0,9.999999999999998,39.99999999999999,470.0,100.0,2.0,0.0,16.0,2.0,2,1800,1,1,1,0
メイショウオタモイ,2023101063,4,7,202506050106,2025年12月6日,8.0,8,18.0,9.999999999999998,39.99999999999999,470.0,100.0,2.0,0.0,16.0,2.0,2,1200,1,1,1,0
メイショウフジタカ,2018105860,7,13,202506050310,2025年12月13日,7.0,7,18.0,9.999999999999998,39.99999999999999,470.0,100.0,2.0,0.0,16.0,7.0,2,1200,1,2,1,0
メイショウブレゲ,2019104091,2,2,202506050111,2025年12月6日,10.0,10,18.0,9.999999999999998,39.99999999999999,470.0,100.0,2.0,0.0,16.0,6.0,1,3600,1,1,1,0
メイプルインパクト,2023104871,5,7,202506050203,2025年12月7日,11.0,11,18.0,9.999999999999998,39.99999999999999,470.0,100.0,2.0,0.0,16.0,2.0,2,1800,1,1,1,0
メイプルタピット,2021103140,7,13,202506050210,2025年12月7日,12.0,12,18.0,9.999999999999998,39.99999999999999,470.0,100.0,2.0,0.0,16.0,4.0,2,1800,1,1,1,0
メディチパワー,2023100419,5,9,202506050304,2025年12月13日,6.0,6,18.0,9.999999999999998,39.99999999999999,470.0,100.0,2.0,0.0,16.0,2.0,2,1800,1,2,1,0
メリークリスマス,2022100394,1,1,202506050308,2025年12月13日,3.0,3,18.0,9.999999999999998,39.99999999999999,470.0,100.0,2.0,0.0,16.0,3.0,2,1800,1,2,1,1
モジャーリオ,2022106603,8,12,202506050209,2025年12月7日,8.0,8,18.0,9.999999999999998,39.99999999999999,470.0,100.0,2.0,0.0,16.0,3.0,1,1200,1,1,1,0
モズオージー,2023105732,5,8,202506050306,2025年12月13日,15.0,15,18.0,9.999999999999998,39.99999999999999,470.0,100.0,2.0,0.0,16.0,2.0,2,1800,1,1,1,0
モラール,2023106395,4,7,202506050405,2025年12月14日,14.0,14,18.0,9.999999999999998,39.99999999999999,470.0,100.0,2.0,0.0,16.0,2.0,1,1600,1,2,1,0
モリインビクタス,2023106582,8,11,202506050109,2025年12月6日,10.0,10,18.0,9.999999999999998,39.99999999999999,470.0,100.0,2.0,0.0,16.0,2.0,1,2000,1,2,1,0
モリノセピア,2021106307,5,6,202506050312,2025年12月13日,2.0,2,18.0,9.999999999999998,39.99999999999999,470.0,100.0,2.0,0.0,16.0,4.0,2,1200,1,2,1,1
モロノヴィクトリー,2023105376,3,6,202506050304,2025年12月13日,5.0,5,18.0,9.999999999999998,39.99999999999999,470.0,100.0,2.0,0.0,16.0,2.0,2,1800,1,2,1,0
モントーヤ,2023100043,6,11,202506050104,2025年12月6日,10.0,10,18.0,9.999999999999998,39.99999999999999,470.0,100.0,2.0,0.0,16.0,2.0,2,1800,1,1,1,0
モンドプリューム,2020103876,4,7,202506050310,2025年12月13日,1.0,1,18.0,9.999999999999998,39.99999999999999,470.0,100.0,2.0,0.0,16.0,5.0,2,1200,1,2,1,1
モンロワイヤル,2023100926,5,9,202506050205,2025年12月7日,8.0,8,18.0,9.999999999999998,39.99999999999999,470.0,100.0,2.0,0.0,16.0,2.0,1,1200,1,1,1,0
モーデン,2018100442,8,15,202506050112,2025年12月6日,9.0,9,18.0,9.999999999999998,39.99999999999999,470.0,100.0,2.0,0.0,16.0,7.0,1,1200,1,1,1,0
モーニングダリア,2023100348,3,5,202506050402,2025年12月14日,10.0,10,18.0,9.999999999999998,39.99999999999999,470.0,100.0,2.0,0.0,16.0,2.0,1,1200,1,3,1,0
ヤマニンアドホック,2021106595,5,6,202506050409,2025年12月14日,3.0,3,18.0,9.999999999999998,39.99999999999999,470.0,100.0,2.0,0.0,16.0,4.0,1,1800,1,2,1,1
ヤマニンガラッシア,2017101772,4,4,202506050409,2025年12月14日,7.0,7,18.0,9.999999999999998,39.99999999999999,470.0,100.0,2.0,0.0,16.0,8.0,1,1800,1,2,1,0
ヤマメライズ,2023105128,6,9,202506050309,2025年12月13日,10.0,10,18.0,9.999999999999998,39.99999999999999,470.0,100.0,2.0,0.0,16.0,2.0,1,1200,1,2,1,0
ユアフェリシティ,2023105137,8,12,202506050203,2025年12月7日,1.0,1,18.0,9.999999999999998,39.99999999999999,470.0,100.0,2.0,0.0,16.0,2.0,2,1800,1,1,1,1
ユキノロイヤル,2021104326,4,7,202506050311,2025年12月13日,4.0,4,18.0,9.999999999999998,39.99999999999999,470.0,100.0,2.0,0.0,16.0,4.0,1,1800,1,2,1,0
ユニゾン,2023100586,2,3,202506050302,2025年12月13日,5.0,5,18.0,9.999999999999998,39.99999999999999,470.0,100.0,2.0,0.0,16.0,2.0,2,1800,1,2,1,0
ライクアフラワー,2020101992,2,4,202506050112,2025年12月6日,7.0,7,18.0,9.999999999999998,39.99999999999999,470.0,100.0,2.0,0.0,16.0,5.0,1,1200,1,1,1,0
ライトバック,2021105953,3,5,202506050311,2025年12月13日,12.0,12,18.0,9.999999999999998,39.99999999999999,470.0,100.0,2.0,0.0,16.0,4.0,1,1800,1,2,1,0
ライフゲート,2022103778,8,11,202506050110,2025年12月6日,7.0,7,18.0,9.999999999999998,39.99999999999999,470.0,100.0,2.0,0.0,16.0,3.0,2,1800,1,1,1,0
ライブリームーラン,2020106407,5,10,202506050112,2025年12月6日,13.0,13,18.0,9.999999999999998,39.99999999999999,470.0,100.0,2.0,0.0,16.0,5.0,1,1200,1,1,1,0
ライヴマティーニ,2023102925,7,14,202506050106,2025年12月6日,10.0,10,18.0,9.999999999999998,39.99999999999999,470.0,100.0,2.0,0.0,16.0,2.0,2,1200,1,1,1,0
ライヴマルガリータ,2023101046,1,1,202506050303,2025年12月13日,10.0,10,18.0,9.999999999999998,39.99999999999999,470.0,100.0,2.0,0.0,16.0,2.0,1,1600,1,2,1,0
ラスカンブレス,2021105391,6,10,202506050111,2025年12月6日,11.0,11,18.0,9.999999999999998,39.99999999999999,470.0,100.0,2.0,0.0,16.0,4.0,1,3600,1,1,1,0
ラストシャリナ,2022100418,4,4,202506050312,2025年12月13日,5.0,5,18.0,9.999999999999998,39.99999999999999,470.0,100.0,2.0,0.0,16.0,3.0,2,1200,1,2,1,0
ラッキースウィッチ,2023110019,1,1,202506050403,2025年12月14日,2.0,2,18.0,9.999999999999998,39.99999999999999,470.0,100.0,2.0,0.0,16.0,2.0,1,2000,1,3,1,1
ラテラルパーム,2023103557,8,13,202506050309,2025年12月13日,11.0,11,18.0,9.999999999999998,39.99999999999999,470.0,100.0,2.0,0.0,16.0,2.0,1,1200,1,2,1,0
ラトルシェ,2022104190,6,12,202506050112,2025年12月6日,0.0,取消,18.0,9.999999999999998,39.99999999999999,470.0,100.0,2.0,0.0,16.0,3.0,1,1200,1,1,1,0
ラプランセス,2023103733,4,8,202506050303,2025年12月13日,3.0,3,18.0,9.999999999999998,39.99999999999999,470.0,100.0,2.0,0.0,16.0,2.0,1,1600,1,2,1,1
ラムールデュヴォン,2023109174,6,12,202506050401,2025年12月14日,8.0,8,18.0,9.999999999999998,39.99999999999999,470.0,100.0,2.0,0.0,16.0,2.0,2,1200,1,3,1,0
ランウェイミューズ,2023107304,6,12,202506050405,2025年12月14日,2.0,2,18.0,9.999999999999998,39.99999999999999,470.0,100.0,2.0,0.0,16.0,2.0,1,1600,1,2,1,1
ランスオブキング,2023104798,5,5,202506050206,2025年12月7日,2.0,2,18.0,9.999999999999998,39.99999999999999,470.0,100.0,2.0,0.0,16.0,2.0,2,1200,1,1,1,1
ランスノーブル,2020101250,1,2,202506050212,2025年12月7日,4.0,4,18.0,9.999999999999998,39.99999999999999,470.0,100.0,2.0,0.0,16.0,5.0,2,1800,1,1,1,0
ランドオブラヴ,2020104088,8,14,202506050310,2025年12月13日,14.0,14,18.0,9.999999999999998,39.99999999999999,470.0,100.0,2.0,0.0,16.0,5.0,2,1200,1,2,1,0
ラヴァグロウ,2020103937,3,6,202506050107,2025年12月6日,3.0,3,18.0,9.999999999999998,39.99999999999999,470.0,100.0,2.0,0.0,16.0,5.0,2,1200,1,2,1,1
ラージアンサンブル,2023105560,5,9,202506050403,2025年12月14日,1.0,1,18.0,9.999999999999998,39.99999999999999,470.0,100.0,2.0,0.0,16.0,2.0,1,2000,1,3,1,1
リオンアンサー,2023100328,4,7,202506050101,2025年12月6日,8.0,8,18.0,9.999999999999998,39.99999999999999,470.0,100.0,2.0,0.0,16.0,2.0,2,1200,1,1,1,0
リケアフェデリーニ,2023103179,1,1,202506050102,2025年12月6日,8.0,8,18.0,9.999999999999998,39.99999999999999,470.0,100.0,2.0,0.0,16.0,2.0,2,1800,1,1,1,0
リケアペンネ,2023101679,5,8,202506050101,2025年12月6日,4.0,4,18.0,9.999999999999998,39.99999999999999,470.0,100.0,2.0,0.0,16.0,2.0,2,1200,1,1,1,0
リケアマカロニ,2023104808,8,13,202506050102,2025年12月6日,6.0,6,18.0,9.999999999999998,39.99999999999999,470.0,100.0,2.0,0.0,16.0,2.0,2,1800,1,1,1,0
リザードアイランド,2022105276,1,1,202506050212,2025年12月7日,1.0,1,18.0,9.999999999999998,39.99999999999999,470.0,100.0,2.0,0.0,16.0,3.0,2,1800,1,1,1,1
リッチリーエコー,2023106415,7,13,202506050303,2025年12月13日,13.0,13,18.0,9.999999999999998,39.99999999999999,470.0,100.0,2.0,0.0,16.0,2.0,1,1600,1,2,1,0
リナシタ,2023100290,4,8,202506050205,2025年12月7日,3.0,3,18.0,9.999999999999998,39.99999999999999,470.0,100.0,2.0,0.0,16.0,2.0,1,1200,1,1,1,1
リネンタイリン,2023100728,6,8,202506050309,2025年12月13日,12.0,12,18.0,9.999999999999998,39.99999999999999,470.0,100.0,2.0,0.0,16.0,2.0,1,1200,1,2,1,0
リバテイー,2023105932,6,11,202506050101,2025年12月6日,7.0,7,18.0,9.999999999999998,39.99999999999999,470.0,100.0,2.0,0.0,16.0,2.0,2,1200,1,1,1,0
リボルトバレット,2021104822,5,9,202506050212,2025年12月7日,12.0,12,18.0,9.999999999999998,39.99999999999999,470.0,100.0,2.0,0.0,16.0,4.0,2,1800,1,1,1,0
リリージェーン,2020106353,6,8,202506050312,2025年12月13日,11.0,11,18.0,9.999999999999998,39.99999999999999,470.0,100.0,2.0,0.0,16.0,5.0,2,1200,1,2,1,0
リーゼントジェイド,2021104285,5,10,202506050212,2025年12月7日,13.0,13,18.0,9.999999999999998,39.99999999999999,470.0,100.0,2.0,0.0,16.0,4.0,2,1800,1,1,1,0
リードアクトレス,2021102654,7,11,202506050404,2025年12月14日,10.0,10,18.0,9.999999999999998,39.99999999999999,470.0,100.0,2.0,0.0,16.0,4.0,3,2880,0,3,1,0
ルクスポップスター,2023102767,5,9,202506050406,2025年12月14日,1.0,1,18.0,9.999999999999998,39.99999999999999,470.0,100.0,2.0,0.0,16.0,2.0,2,1200,1,2,1,1
ルクスレイモンド,2023100670,2,2,202506050206,2025年12月7日,1.0,1,18.0,9.999999999999998,39.99999999999999,470.0,100.0,2.0,0.0,16.0,2.0,2,1200,1,1,1,1
ルプルミエラムール,2023107392,1,2,202506050205,2025年12月7日,14.0,14,18.0,9.999999999999998,39.99999999999999,470.0,100.0,2.0,0.0,16.0,2.0,1,1200,1,1,1,0
ルルマーレ,2023101830,6,10,202506050101,2025年12月6日,12.0,12,18.0,9.999999999999998,39.99999999999999,470.0,100.0,2.0,0.0,16.0,2.0,2,1200,1,1,1,0
ルージュアリスタ,2023103427,8,12,202506050102,2025年12月6日,5.0,5,18.0,9.999999999999998,39.99999999999999,470.0,100.0,2.0,0.0,16.0,2.0,2,1800,1,1,1,0
ルージュラナキラ,2022102434,2,4,202506050211,2025年12月7日,3.0,3,18.0,9.999999999999998,39.99999999999999,470.0,100.0,2.0,0.0,16.0,3.0,1,1200,1,1,1,1
ルーフ,2020104194,5,6,202506050209,2025年12月7日,5.0,5,18.0,9.999999999999998,39.99999999999999,470.0,100.0,2.0,0.0,16.0,5.0,1,1200,1,1,1,0
レイバックスピン,2022104432,7,10,202506050110,2025年12月6日,4.0,4,18.0,9.999999999999998,39.99999999999999,470.0,100.0,2.0,0.0,16.0,3.0,2,1800,1,1,1,0
レイユール,2022101464,4,8,202506050307,2025年12月13日,1.0,1,18.0,9.999999999999998,39.99999999999999,470.0,100.0,2.0,0.0,16.0,3.0,2,1200,1,2,1,1
レオアジャイル,2023104909,5,6,202506050309,2025年12月13日,5.0,5,18.0,9.999999999999998,39.99999999999999,470.0,100.0,2.0,0.0,16.0,2.0,1,1200,1,2,1,0
レオテミス,2021101576,1,1,202506050209,2025年12月7日,4.0,4,18.0,9.999999999999998,39.99999999999999,470.0,100.0,2.0,0.0,16.0,4.0,1,1200,1,1,1,0
レッドバレンティア,2020106413,4,7,202506050208,2025年12月7日,15.0,15,18.0,9.999999999999998,39.99999999999999,470.0,100.0,2.0,0.0,16.0,5.0,2,1200,1,1,1,0
レッドリアライズ,2023105233,6,12,202506050105,2025年12月6日,9.0,9,18.0,9.999999999999998,39.99999999999999,470.0,100.0,2.0,0.0,16.0,2.0,1,2000,1,1,1,0
レディーミコノス,2022105475,7,9,202506050409,2025年12月14日,5.0,5,18.0,9.999999999999998,39.99999999999999,470.0,100.0,2.0,0.0,16.0,3.0,1,1800,1,2,1,0
レフィノス,2023103433,3,5,202506050105,2025年12月6日,17.0,17,18.0,9.999999999999998,39.99999999999999,470.0,100.0,2.0,0.0,16.0,2.0,1,2000,1,1,1,0
レーザーキック,2023105231,8,12,202506050305,2025年12月13日,8.0,8,18.0,9.999999999999998,39.99999999999999,470.0,100.0,2.0,0.0,16.0,2.0,1,1800,1,1,1,0
ロイヤルヤマト,2023104531,8,16,202506050403,2025年12月14日,8.0,8,18.0,9.999999999999998,39.99999999999999,470.0,100.0,2.0,0.0,16.0,2.0,1,2000,1,3,1,0
ロサンゼルス,2021103711,7,14,202506050208,2025年12月7日,4.0,4,18.0,9.999999999999998,39.99999999999999,470.0,100.0,2.0,0.0,16.0,4.0,2,1200,1,1,1,0
ロジクリスエス,2023104684,8,16,202506050303,2025年12月13日,15.0,15,18.0,9.999999999999998,39.99999999999999,470.0,100.0,2.0,0.0,16.0,2.0,1,1600,1,2,1,0
ロゼル,2020106415,2,3,202506050308,2025年12月13日,8.0,8,18.0,9.999999999999998,39.99999999999999,470.0,100.0,2.0,0.0,16.0,5.0,2,1800,1,2,1,0
ロット,2023106586,3,6,202506050303,2025年12月13日,11.0,11,18.0,9.999999999999998,39.99999999999999,470.0,100.0,2.0,0.0,16.0,2.0,1,1600,1,2,1,0
ロミオ,2023101545,2,4,202506050407,2025年12月14日,11.0,11,18.0,9.999999999999998,39.99999999999999,470.0,100.0,2.0,0.0,16.0,2.0,2,1800,1,2,1,0
ロングウェイホーム,2022101634,8,15,202506050308,2025年12月13日,13.0,13,18.0,9.999999999999998,39.99999999999999,470.0,100.0,2.0,0.0,16.0,3.0,2,1800,1,2,1,0
ロンドンオービタル,2023103032,4,5,202506050309,2025年12月13日,2.0,2,18.0,9.999999999999998,39.99999999999999,470.0,100.0,2.0,0.0,16.0,2.0,1,1200,1,2,1,1
ローズマイスター,2022104419,8,16,202506050212,2025年12月7日,7.0,7,18.0,9.999999999999998,39.99999999999999,470.0,100.0,2.0,0.0,16.0,3.0,2,1800,1,1,1,0
ロードフォアエース,2021100130,4,8,202506050211,2025年12月7日,1.0,1,18.0,9.999999999999998,39.99999999999999,470.0,100.0,2.0,0.0,16.0,4.0,1,1200,1,1,1,1
ワイズゴールド,2020105737,8,13,202506050111,2025年12月6日,13.0,13,18.0,9.999999999999998,39.99999999999999,470.0,100.0,2.0,0.0,16.0,5.0,1,3600,1,1,1,0
ワイドアラジン,2020104550,2,4,202506050311,2025年12月13日,7.0,7,18.0,9.999999999999998,39.99999999999999,470.0,100.0,2.0,0.0,16.0,5.0,1,1800,1,2,1,0
ワインダークシー,2023106376,4,8,202506050202,2025年12月7日,4.0,4,18.0,9.999999999999998,39.99999999999999,470.0,100.0,2.0,0.0,16.0,2.0,1,1800,1,1,1,0
ワザモノ,2018103560,2,2,202506050409,2025年12月14日,8.0,8,18.0,9.999999999999998,39.99999999999999,470.0,100.0,2.0,0.0,16.0,7.0,1,1800,1,2,1,0
ワディアルリヤハ,2023107372,4,8,202506050402,2025年12月14日,4.0,4,18.0,9.999999999999998,39.99999999999999,470.0,100.0,2.0,0.0,16.0,2.0,1,1200,1,3,1,0
ワンダラー,2022100071,5,9,202506050310,2025年12月13日,8.0,8,18.0,9.999999999999998,39.99999999999999,470.0,100.0,2.0,0.0,16.0,3.0,2,1200,1,2,1,0
ワープスピード,2019105312,7,12,202506050111,2025年12月6日,5.0,5,18.0,9.999999999999998,39.99999999999999,470.0,100.0,2.0,0.0,16.0,6.0,1,3600,1,1,1,0
ヴァイザーバルコ,2020106694,2,2,202506050207,2025年12月7日,8.0,8,18.0,9.999999999999998,39.99999999999999,470.0,100.0,2.0,0.0,16.0,5.0,1,2500,1,1,1,0
ヴァルク,2023101693,2,3,202506050106,2025年12月6日,12.0,12,18.0,9.999999999999998,39.99999999999999,470.0,100.0,2.0,0.0,16.0,2.0,2,1200,1,1,1,0
ヴァロンブローサ,2023106902,6,7,202506050109,2025年12月6日,5.0,5,18.0,9.999999999999998,39.99999999999999,470.0,100.0,2.0,0.0,16.0,2.0,1,2000,1,2,1,0
ヴァンヴィーヴ,2021101399,2,3,202506050112,2025年12月6日,2.0,2,18.0,9.999999999999998,39.99999999999999,470.0,100.0,2.0,0.0,16.0,4.0,1,1200,1,1,1,1
ヴィクトリーロード,2020103931,6,12,202506050208,2025年12月7日,7.0,7,18.0,9.999999999999998,39.99999999999999,470.0,100.0,2.0,0.0,16.0,5.0,2,1200,1,1,1,0
ヴィンテージボンド,2019105095,7,9,202506050108,2025年12月6日,9.0,9,18.0,9.999999999999998,39.99999999999999,470.0,100.0,2.0,0.0,16.0,6.0,3,3570,0,2,1,0
ヴィントミューレ,2018100406,2,2,202506050209,2025年12月7日,10.0,10,18.0,9.999999999999998,39.99999999999999,470.0,100.0,2.0,0.0,16.0,7.0,1,1200,1,1,1,0
ヴィーデ,2022100548,2,3,202506050212,2025年12月7日,14.0,14,18.0,9.999999999999998,39.99999999999999,470.0,100.0,2.0,0.0,16.0,3.0,2,1800,1,1,1,0
ヴェナートル,2022101469,5,10,202506050208,2025年12月7日,16.0,16,18.0,9.999999999999998,39.99999999999999,470.0,100.0,2.0,0.0,16.0,3.0,2,1200,1,1,1,0
ヴェネチアンキング,2023103320,7,14,202506050401,2025年12月14日,1.0,1,18.0,9.999999999999998,39.99999999999999,470.0,100.0,2.0,0.0,16.0,2.0,2,1200,1,3,1,1
ヴェラリーシャ,2021103172,2,2,202506050312,2025年12月13日,13.0,13,18.0,9.999999999999998,39.99999999999999,470.0,100.0,2.0,0.0,16.0,4.0,2,1200,1,2,1,0
ヴェリタスポルタ,2023102034,6,12,202506050201,2025年12月7日,15.0,15,18.0,9.999999999999998,39.99999999999999,470.0,100.0,2.0,0.0,16.0,2.0,2,1200,1,1,1,0
ヴェルテンベルク,2020103060,1,1,202506050111,2025年12月6日,6.0,6,18.0,9.999999999999998,39.99999999999999,470.0,100.0,2.0,0.0,16.0,5.0,1,3600,1,1,1,0
ヴェルミセル,2020103945,7,11,202506050111,2025年12月6日,8.0,8,18.0,9.999999999999998,39.99999999999999,470.0,100.0,2.0,0.0,16.0,5.0,1,3600,1,1,1,0
ヴェントベローチェ,2023103133,1,2,202506050303,2025年12月13日,12.0,12,18.0,9.999999999999998,39.99999999999999,470.0,100.0,2.0,0.0,16.0,2.0,1,1600,1,2,1,0
ヴレクール,2023102908,4,8,202506050302,2025年12月13日,12.0,12,18.0,9.999999999999998,39.99999999999999,470.0,100.0,2.0,0.0,16.0,2.0,2,1800,1,2,1,0
